[
{
  "model": "sessions.session",
  "pk": "bdnjvgaxxznih13i9qifx4gv99ci0aj6",
  "fields": {
    "session_data": "MGIzZjVkMWE1NzZmOTMwMTcxNjRhOTRlYjk0M2ZjOTYwMTE5ZWFlZjp7Il9hdXRoX3VzZXJfaGFzaCI6ImYxMjRjOWQ1NjgzOTQ4YjRkNGY0MDI1OWJhMmNkY2JlNGNmN2ZlYzciLCJfYXV0aF91c2VyX2lkIjoiMyIsImN1c3RuYW1lIjoiXHU0ZTJkXHU2YzExXHU2Mjk1IiwiY3VzdGlkIjoxMDAyLCJfYXV0aF91c2VyX2JhY2tlbmQiOiJkamFuZ28uY29udHJpYi5hdXRoLmJhY2tlbmRzLk1vZGVsQmFja2VuZCJ9",
    "expire_date": "2016-12-30T03:01:27.016"
  }
},
{
  "model": "sessions.session",
  "pk": "ouu4jgfcpwa3seuc00x5j92a83p9i7v6",
  "fields": {
    "session_data": "MmI4ZDE1YTZjODZhODI4N2IxYzhlZTNhMDRkYWRjNGZmYWU2OWI2YTp7ImN1c3RpZCI6MTAwMiwiY3VzdG5hbWUiOiJcdTRlMmRcdTZjMTFcdTYyOTUiLCJfYXV0aF91c2VyX2JhY2tlbmQiOiJkamFuZ28uY29udHJpYi5hdXRoLmJhY2tlbmRzLk1vZGVsQmFja2VuZCIsIl9hdXRoX3VzZXJfaWQiOiI0IiwiX2F1dGhfdXNlcl9oYXNoIjoiYTY5M2EwMmJhMTc2MDY1YmI2YWYxODk1Yjc2YzE2ODNhOTA3NGJiMiJ9",
    "expire_date": "2016-12-30T06:56:09.586"
  }
},
{
  "model": "sessions.session",
  "pk": "y6v28la3diqnlxrpzgzp117sg7izf3du",
  "fields": {
    "session_data": "ZmZiYmYxN2M1ODE1ZmM0NTkzMDZkZjA4ZGY3ZmU2NTkxNGRlYjI5NDp7Il9hdXRoX3VzZXJfaWQiOiIzIiwiX2F1dGhfdXNlcl9iYWNrZW5kIjoiZGphbmdvLmNvbnRyaWIuYXV0aC5iYWNrZW5kcy5Nb2RlbEJhY2tlbmQiLCJjdXN0bmFtZSI6Ilx1NGUyZFx1NmMxMVx1NjI5NSIsImN1c3RpZCI6MTAwMiwiX2F1dGhfdXNlcl9oYXNoIjoiZjEyNGM5ZDU2ODM5NDhiNGQ0ZjQwMjU5YmEyY2RjYmU0Y2Y3ZmVjNyJ9",
    "expire_date": "2016-12-30T03:28:03.156"
  }
},
{
  "model": "sessions.session",
  "pk": "zc8d7cyy5g4z12xga96fb9j2ws4qaq82",
  "fields": {
    "session_data": "MWE5YzQ1NjJiNzEwODcwNTQ4NzdiY2Q3YzA3NzliZTQ0NmI4ZjM3Nzp7Il9hdXRoX3VzZXJfaGFzaCI6ImYxMjRjOWQ1NjgzOTQ4YjRkNGY0MDI1OWJhMmNkY2JlNGNmN2ZlYzciLCJjdXN0bmFtZSI6Ilx1NGUyZFx1NmMxMVx1NjI5NSIsIl9hdXRoX3VzZXJfYmFja2VuZCI6ImRqYW5nby5jb250cmliLmF1dGguYmFja2VuZHMuTW9kZWxCYWNrZW5kIiwiY3VzdGlkIjoxMDAyLCJfYXV0aF91c2VyX2lkIjoiMyJ9",
    "expire_date": "2016-12-30T08:15:29.026"
  }
},
{
  "model": "cmdb.basecustomerinfo",
  "pk": 10011,
  "fields": {
    "idcode": 1001,
    "custalias": "\u5305\u5546\u94f6\u884c",
    "custname": "\u5305\u5546\u94f6\u884c",
    "custCode": "C000002"
  }
},
{
  "model": "cmdb.basecustomerinfo",
  "pk": 10015,
  "fields": {
    "idcode": 1002,
    "custalias": "\u4e2d\u6c11\u6295",
    "custname": "\u4e2d\u56fd\u6c11\u751f\u6295\u8d44\u80a1\u4efd\u6709\u9650\u516c\u53f8",
    "custCode": "C000037"
  }
},
{
  "model": "cmdb.basecustomerinfo",
  "pk": 10016,
  "fields": {
    "idcode": 1003,
    "custalias": "\u6d59\u5546\u94f6\u884c",
    "custname": "\u6d59\u6c5f\u5546\u4e1a\u94f6\u884c",
    "custCode": "C0000003"
  }
},
{
  "model": "cmdb.basecustomerinfo",
  "pk": 10018,
  "fields": {
    "idcode": 1004,
    "custalias": "\u5305\u5546\u6570\u5b57\u94f6\u884c",
    "custname": "\u5305\u5546\u6570\u5b57\u94f6\u884c",
    "custCode": "C0000006"
  }
},
{
  "model": "cmdb.ids",
  "pk": 1,
  "fields": {
    "tablename": "cmdb_baseassetsubtype",
    "nextid": 10022
  }
},
{
  "model": "cmdb.ids",
  "pk": 2,
  "fields": {
    "tablename": "cmdb_projects",
    "nextid": 10027
  }
},
{
  "model": "cmdb.ids",
  "pk": 3,
  "fields": {
    "tablename": "cmdb_itemsset",
    "nextid": 100212
  }
},
{
  "model": "cmdb.ids",
  "pk": 4,
  "fields": {
    "tablename": "cmdb_staffs",
    "nextid": 10023
  }
},
{
  "model": "cmdb.ids",
  "pk": 5,
  "fields": {
    "tablename": "cmdb_basecompany",
    "nextid": 10022
  }
},
{
  "model": "cmdb.ids",
  "pk": 6,
  "fields": {
    "tablename": "cmdb_baseassetcabinet",
    "nextid": 10023
  }
},
{
  "model": "cmdb.ids",
  "pk": 7,
  "fields": {
    "tablename": "cmdb_baseequipmenttype",
    "nextid": 10022
  }
},
{
  "model": "cmdb.ids",
  "pk": 8,
  "fields": {
    "tablename": "cmdb_itemsset",
    "nextid": 10012
  }
},
{
  "model": "cmdb.ids",
  "pk": 9,
  "fields": {
    "tablename": "cmdb_basebalancetype",
    "nextid": 10016
  }
},
{
  "model": "cmdb.ids",
  "pk": 10,
  "fields": {
    "tablename": "cmdb_basecompany",
    "nextid": 10011
  }
},
{
  "model": "cmdb.ids",
  "pk": 11,
  "fields": {
    "tablename": "cmdb_basecustomerinfo",
    "nextid": 10011
  }
},
{
  "model": "cmdb.ids",
  "pk": 12,
  "fields": {
    "tablename": "cmdb_basedatacenter",
    "nextid": 10011
  }
},
{
  "model": "cmdb.ids",
  "pk": 13,
  "fields": {
    "tablename": "cmdb_basedepartment",
    "nextid": 10011
  }
},
{
  "model": "cmdb.ids",
  "pk": 14,
  "fields": {
    "tablename": "cmdb_baseequipmenttype",
    "nextid": 10016
  }
},
{
  "model": "cmdb.ids",
  "pk": 15,
  "fields": {
    "tablename": "cmdb_basefactory",
    "nextid": 10019
  }
},
{
  "model": "cmdb.ids",
  "pk": 16,
  "fields": {
    "tablename": "cmdb_basemachineroom",
    "nextid": 10011
  }
},
{
  "model": "cmdb.ids",
  "pk": 17,
  "fields": {
    "tablename": "cmdb_basenetarea",
    "nextid": 10018
  }
},
{
  "model": "cmdb.ids",
  "pk": 18,
  "fields": {
    "tablename": "cmdb_baseraidtype",
    "nextid": 100110
  }
},
{
  "model": "cmdb.ids",
  "pk": 19,
  "fields": {
    "tablename": "cmdb_baserole",
    "nextid": 10015
  }
},
{
  "model": "cmdb.ids",
  "pk": 20,
  "fields": {
    "tablename": "cmdb_baserunningstatus",
    "nextid": 10015
  }
},
{
  "model": "cmdb.ids",
  "pk": 21,
  "fields": {
    "tablename": "cmdb_basesoft",
    "nextid": 100119
  }
},
{
  "model": "cmdb.ids",
  "pk": 22,
  "fields": {
    "tablename": "cmdb_basesofttype",
    "nextid": 10015
  }
},
{
  "model": "cmdb.ids",
  "pk": 23,
  "fields": {
    "tablename": "cmdb_business",
    "nextid": 10012
  }
},
{
  "model": "cmdb.ids",
  "pk": 24,
  "fields": {
    "tablename": "cmdb_cpumemory",
    "nextid": 10011
  }
},
{
  "model": "cmdb.ids",
  "pk": 25,
  "fields": {
    "tablename": "cmdb_equipment",
    "nextid": 10011
  }
},
{
  "model": "cmdb.ids",
  "pk": 26,
  "fields": {
    "tablename": "cmdb_equipmentboardcard",
    "nextid": 10011
  }
},
{
  "model": "cmdb.ids",
  "pk": 27,
  "fields": {
    "tablename": "cmdb_ids",
    "nextid": 10011
  }
},
{
  "model": "cmdb.ids",
  "pk": 28,
  "fields": {
    "tablename": "cmdb_installedsoftlist",
    "nextid": 10011
  }
},
{
  "model": "cmdb.ids",
  "pk": 29,
  "fields": {
    "tablename": "cmdb_ipallocation",
    "nextid": 10011
  }
},
{
  "model": "cmdb.ids",
  "pk": 30,
  "fields": {
    "tablename": "cmdb_ipconfiguration",
    "nextid": 10011
  }
},
{
  "model": "cmdb.ids",
  "pk": 31,
  "fields": {
    "tablename": "cmdb_ipsource",
    "nextid": 10011
  }
},
{
  "model": "cmdb.ids",
  "pk": 32,
  "fields": {
    "tablename": "cmdb_itemsset",
    "nextid": 10011
  }
},
{
  "model": "cmdb.ids",
  "pk": 33,
  "fields": {
    "tablename": "cmdb_operateaudit",
    "nextid": 10011
  }
},
{
  "model": "cmdb.ids",
  "pk": 34,
  "fields": {
    "tablename": "cmdb_portlist",
    "nextid": 10011
  }
},
{
  "model": "cmdb.ids",
  "pk": 35,
  "fields": {
    "tablename": "cmdb_portmapping",
    "nextid": 10011
  }
},
{
  "model": "cmdb.ids",
  "pk": 36,
  "fields": {
    "tablename": "cmdb_projects",
    "nextid": 10014
  }
},
{
  "model": "cmdb.ids",
  "pk": 37,
  "fields": {
    "tablename": "cmdb_r_equipment_staff",
    "nextid": 10011
  }
},
{
  "model": "cmdb.ids",
  "pk": 38,
  "fields": {
    "tablename": "cmdb_r_machineroom_staff",
    "nextid": 10011
  }
},
{
  "model": "cmdb.ids",
  "pk": 39,
  "fields": {
    "tablename": "cmdb_r_project_staff",
    "nextid": 10011
  }
},
{
  "model": "cmdb.ids",
  "pk": 40,
  "fields": {
    "tablename": "cmdb_r_server_business",
    "nextid": 100111
  }
},
{
  "model": "cmdb.ids",
  "pk": 41,
  "fields": {
    "tablename": "cmdb_r_server_staff",
    "nextid": 10011
  }
},
{
  "model": "cmdb.ids",
  "pk": 42,
  "fields": {
    "tablename": "cmdb_serverboardcard",
    "nextid": 10011
  }
},
{
  "model": "cmdb.ids",
  "pk": 43,
  "fields": {
    "tablename": "cmdb_servers",
    "nextid": 100124
  }
},
{
  "model": "cmdb.ids",
  "pk": 44,
  "fields": {
    "tablename": "cmdb_softlisence",
    "nextid": 10011
  }
},
{
  "model": "cmdb.ids",
  "pk": 45,
  "fields": {
    "tablename": "cmdb_staffs",
    "nextid": 10011
  }
},
{
  "model": "cmdb.ids",
  "pk": 46,
  "fields": {
    "tablename": "cmdb_storagelv",
    "nextid": 10011
  }
},
{
  "model": "cmdb.ids",
  "pk": 47,
  "fields": {
    "tablename": "cmdb_storagepv",
    "nextid": 10011
  }
},
{
  "model": "cmdb.ids",
  "pk": 48,
  "fields": {
    "tablename": "cmdb_storagevg",
    "nextid": 10011
  }
},
{
  "model": "cmdb.ids",
  "pk": 49,
  "fields": {
    "tablename": "account_menus",
    "nextid": 10021
  }
},
{
  "model": "cmdb.ids",
  "pk": 50,
  "fields": {
    "tablename": "cmdb_assethistory",
    "nextid": 10024
  }
},
{
  "model": "cmdb.ids",
  "pk": 51,
  "fields": {
    "tablename": "cmdb_assets",
    "nextid": 10027
  }
},
{
  "model": "cmdb.ids",
  "pk": 52,
  "fields": {
    "tablename": "cmdb_backuprecord",
    "nextid": 10021
  }
},
{
  "model": "cmdb.ids",
  "pk": 53,
  "fields": {
    "tablename": "cmdb_baseassetcabinet",
    "nextid": 10021
  }
},
{
  "model": "cmdb.ids",
  "pk": 54,
  "fields": {
    "tablename": "cmdb_baseassetstatus",
    "nextid": 10025
  }
},
{
  "model": "cmdb.ids",
  "pk": 55,
  "fields": {
    "tablename": "cmdb_baseassetsubtype",
    "nextid": 10027
  }
},
{
  "model": "cmdb.ids",
  "pk": 56,
  "fields": {
    "tablename": "cmdb_baseassettype",
    "nextid": 100210
  }
},
{
  "model": "cmdb.ids",
  "pk": 57,
  "fields": {
    "tablename": "account_menus",
    "nextid": 10031
  }
},
{
  "model": "cmdb.ids",
  "pk": 58,
  "fields": {
    "tablename": "cmdb_assethistory",
    "nextid": 10031
  }
},
{
  "model": "cmdb.ids",
  "pk": 59,
  "fields": {
    "tablename": "cmdb_assets",
    "nextid": 10031
  }
},
{
  "model": "cmdb.ids",
  "pk": 60,
  "fields": {
    "tablename": "cmdb_backuprecord",
    "nextid": 10031
  }
},
{
  "model": "cmdb.ids",
  "pk": 61,
  "fields": {
    "tablename": "cmdb_baseassetcabinet",
    "nextid": 10031
  }
},
{
  "model": "cmdb.ids",
  "pk": 62,
  "fields": {
    "tablename": "cmdb_baseassetstatus",
    "nextid": 10031
  }
},
{
  "model": "cmdb.ids",
  "pk": 63,
  "fields": {
    "tablename": "cmdb_baseassetsubtype",
    "nextid": 10031
  }
},
{
  "model": "cmdb.ids",
  "pk": 64,
  "fields": {
    "tablename": "cmdb_baseassettype",
    "nextid": 10031
  }
},
{
  "model": "cmdb.ids",
  "pk": 65,
  "fields": {
    "tablename": "cmdb_basebalancetype",
    "nextid": 10031
  }
},
{
  "model": "cmdb.ids",
  "pk": 66,
  "fields": {
    "tablename": "cmdb_basecompany",
    "nextid": 10031
  }
},
{
  "model": "cmdb.ids",
  "pk": 67,
  "fields": {
    "tablename": "cmdb_basecustomerinfo",
    "nextid": 10031
  }
},
{
  "model": "cmdb.ids",
  "pk": 68,
  "fields": {
    "tablename": "cmdb_basedatacenter",
    "nextid": 10031
  }
},
{
  "model": "cmdb.ids",
  "pk": 69,
  "fields": {
    "tablename": "cmdb_basedepartment",
    "nextid": 10031
  }
},
{
  "model": "cmdb.ids",
  "pk": 70,
  "fields": {
    "tablename": "cmdb_baseequipmenttype",
    "nextid": 10031
  }
},
{
  "model": "cmdb.ids",
  "pk": 71,
  "fields": {
    "tablename": "cmdb_basefactory",
    "nextid": 10031
  }
},
{
  "model": "cmdb.ids",
  "pk": 72,
  "fields": {
    "tablename": "cmdb_basemachineroom",
    "nextid": 10031
  }
},
{
  "model": "cmdb.ids",
  "pk": 73,
  "fields": {
    "tablename": "cmdb_basenetarea",
    "nextid": 10031
  }
},
{
  "model": "cmdb.ids",
  "pk": 74,
  "fields": {
    "tablename": "cmdb_baseraidtype",
    "nextid": 10031
  }
},
{
  "model": "cmdb.ids",
  "pk": 75,
  "fields": {
    "tablename": "cmdb_baserole",
    "nextid": 10031
  }
},
{
  "model": "cmdb.ids",
  "pk": 76,
  "fields": {
    "tablename": "cmdb_baserunningstatus",
    "nextid": 10031
  }
},
{
  "model": "cmdb.ids",
  "pk": 77,
  "fields": {
    "tablename": "cmdb_basesoft",
    "nextid": 10031
  }
},
{
  "model": "cmdb.ids",
  "pk": 78,
  "fields": {
    "tablename": "cmdb_basesofttype",
    "nextid": 10031
  }
},
{
  "model": "cmdb.ids",
  "pk": 79,
  "fields": {
    "tablename": "cmdb_business",
    "nextid": 10031
  }
},
{
  "model": "cmdb.ids",
  "pk": 80,
  "fields": {
    "tablename": "cmdb_cpumemory",
    "nextid": 10031
  }
},
{
  "model": "cmdb.ids",
  "pk": 81,
  "fields": {
    "tablename": "cmdb_equipment",
    "nextid": 10031
  }
},
{
  "model": "cmdb.ids",
  "pk": 82,
  "fields": {
    "tablename": "cmdb_equipmentboardcard",
    "nextid": 10031
  }
},
{
  "model": "cmdb.ids",
  "pk": 83,
  "fields": {
    "tablename": "cmdb_ids",
    "nextid": 10031
  }
},
{
  "model": "cmdb.ids",
  "pk": 84,
  "fields": {
    "tablename": "cmdb_installedsoftlist",
    "nextid": 10031
  }
},
{
  "model": "cmdb.ids",
  "pk": 85,
  "fields": {
    "tablename": "cmdb_ipallocation",
    "nextid": 10031
  }
},
{
  "model": "cmdb.ids",
  "pk": 86,
  "fields": {
    "tablename": "cmdb_ipconfiguration",
    "nextid": 10031
  }
},
{
  "model": "cmdb.ids",
  "pk": 87,
  "fields": {
    "tablename": "cmdb_ipsource",
    "nextid": 10031
  }
},
{
  "model": "cmdb.ids",
  "pk": 88,
  "fields": {
    "tablename": "cmdb_itemsset",
    "nextid": 10031
  }
},
{
  "model": "cmdb.ids",
  "pk": 89,
  "fields": {
    "tablename": "cmdb_operateaudit",
    "nextid": 10031
  }
},
{
  "model": "cmdb.ids",
  "pk": 90,
  "fields": {
    "tablename": "cmdb_portlist",
    "nextid": 10031
  }
},
{
  "model": "cmdb.ids",
  "pk": 91,
  "fields": {
    "tablename": "cmdb_portmapping",
    "nextid": 10031
  }
},
{
  "model": "cmdb.ids",
  "pk": 92,
  "fields": {
    "tablename": "cmdb_projects",
    "nextid": 10031
  }
},
{
  "model": "cmdb.ids",
  "pk": 93,
  "fields": {
    "tablename": "cmdb_r_equipment_staff",
    "nextid": 10031
  }
},
{
  "model": "cmdb.ids",
  "pk": 94,
  "fields": {
    "tablename": "cmdb_r_machineroom_staff",
    "nextid": 10031
  }
},
{
  "model": "cmdb.ids",
  "pk": 95,
  "fields": {
    "tablename": "cmdb_r_project_staff",
    "nextid": 10031
  }
},
{
  "model": "cmdb.ids",
  "pk": 96,
  "fields": {
    "tablename": "cmdb_r_server_business",
    "nextid": 10031
  }
},
{
  "model": "cmdb.ids",
  "pk": 97,
  "fields": {
    "tablename": "cmdb_r_server_staff",
    "nextid": 10031
  }
},
{
  "model": "cmdb.ids",
  "pk": 98,
  "fields": {
    "tablename": "cmdb_serverboardcard",
    "nextid": 10031
  }
},
{
  "model": "cmdb.ids",
  "pk": 99,
  "fields": {
    "tablename": "cmdb_servers",
    "nextid": 10031
  }
},
{
  "model": "cmdb.ids",
  "pk": 100,
  "fields": {
    "tablename": "cmdb_softlisence",
    "nextid": 10031
  }
},
{
  "model": "cmdb.ids",
  "pk": 101,
  "fields": {
    "tablename": "cmdb_staffs",
    "nextid": 10031
  }
},
{
  "model": "cmdb.ids",
  "pk": 102,
  "fields": {
    "tablename": "cmdb_storagelv",
    "nextid": 10031
  }
},
{
  "model": "cmdb.ids",
  "pk": 103,
  "fields": {
    "tablename": "cmdb_storagepv",
    "nextid": 10031
  }
},
{
  "model": "cmdb.ids",
  "pk": 104,
  "fields": {
    "tablename": "cmdb_storagevg",
    "nextid": 10031
  }
},
{
  "model": "cmdb.ids",
  "pk": 105,
  "fields": {
    "tablename": "account_menus",
    "nextid": 10041
  }
},
{
  "model": "cmdb.ids",
  "pk": 106,
  "fields": {
    "tablename": "cmdb_assethistory",
    "nextid": 10041
  }
},
{
  "model": "cmdb.ids",
  "pk": 107,
  "fields": {
    "tablename": "cmdb_assets",
    "nextid": 10043
  }
},
{
  "model": "cmdb.ids",
  "pk": 108,
  "fields": {
    "tablename": "cmdb_backuprecord",
    "nextid": 10041
  }
},
{
  "model": "cmdb.ids",
  "pk": 109,
  "fields": {
    "tablename": "cmdb_baseassetcabinet",
    "nextid": 10042
  }
},
{
  "model": "cmdb.ids",
  "pk": 110,
  "fields": {
    "tablename": "cmdb_baseassetstatus",
    "nextid": 10041
  }
},
{
  "model": "cmdb.ids",
  "pk": 111,
  "fields": {
    "tablename": "cmdb_baseassetsubtype",
    "nextid": 10041
  }
},
{
  "model": "cmdb.ids",
  "pk": 112,
  "fields": {
    "tablename": "cmdb_baseassettype",
    "nextid": 10041
  }
},
{
  "model": "cmdb.ids",
  "pk": 113,
  "fields": {
    "tablename": "cmdb_basebalancetype",
    "nextid": 10041
  }
},
{
  "model": "cmdb.ids",
  "pk": 114,
  "fields": {
    "tablename": "cmdb_basecompany",
    "nextid": 10041
  }
},
{
  "model": "cmdb.ids",
  "pk": 115,
  "fields": {
    "tablename": "cmdb_basecustomerinfo",
    "nextid": 10041
  }
},
{
  "model": "cmdb.ids",
  "pk": 116,
  "fields": {
    "tablename": "cmdb_basedatacenter",
    "nextid": 10042
  }
},
{
  "model": "cmdb.ids",
  "pk": 117,
  "fields": {
    "tablename": "cmdb_basedepartment",
    "nextid": 10041
  }
},
{
  "model": "cmdb.ids",
  "pk": 118,
  "fields": {
    "tablename": "cmdb_baseequipmenttype",
    "nextid": 10041
  }
},
{
  "model": "cmdb.ids",
  "pk": 119,
  "fields": {
    "tablename": "cmdb_basefactory",
    "nextid": 10041
  }
},
{
  "model": "cmdb.ids",
  "pk": 120,
  "fields": {
    "tablename": "cmdb_basemachineroom",
    "nextid": 10043
  }
},
{
  "model": "cmdb.ids",
  "pk": 121,
  "fields": {
    "tablename": "cmdb_basenetarea",
    "nextid": 10041
  }
},
{
  "model": "cmdb.ids",
  "pk": 122,
  "fields": {
    "tablename": "cmdb_baseraidtype",
    "nextid": 10041
  }
},
{
  "model": "cmdb.ids",
  "pk": 123,
  "fields": {
    "tablename": "cmdb_baserole",
    "nextid": 10045
  }
},
{
  "model": "cmdb.ids",
  "pk": 124,
  "fields": {
    "tablename": "cmdb_baserunningstatus",
    "nextid": 10041
  }
},
{
  "model": "cmdb.ids",
  "pk": 125,
  "fields": {
    "tablename": "cmdb_basesoft",
    "nextid": 10041
  }
},
{
  "model": "cmdb.ids",
  "pk": 126,
  "fields": {
    "tablename": "cmdb_basesofttype",
    "nextid": 10041
  }
},
{
  "model": "cmdb.ids",
  "pk": 127,
  "fields": {
    "tablename": "cmdb_business",
    "nextid": 10043
  }
},
{
  "model": "cmdb.ids",
  "pk": 128,
  "fields": {
    "tablename": "cmdb_cpumemory",
    "nextid": 10043
  }
},
{
  "model": "cmdb.ids",
  "pk": 129,
  "fields": {
    "tablename": "cmdb_equipment",
    "nextid": 10047
  }
},
{
  "model": "cmdb.ids",
  "pk": 130,
  "fields": {
    "tablename": "cmdb_equipmentboardcard",
    "nextid": 10043
  }
},
{
  "model": "cmdb.ids",
  "pk": 131,
  "fields": {
    "tablename": "cmdb_ids",
    "nextid": 10041
  }
},
{
  "model": "cmdb.ids",
  "pk": 132,
  "fields": {
    "tablename": "cmdb_installedsoftlist",
    "nextid": 10041
  }
},
{
  "model": "cmdb.ids",
  "pk": 133,
  "fields": {
    "tablename": "cmdb_ipallocation",
    "nextid": 10041
  }
},
{
  "model": "cmdb.ids",
  "pk": 134,
  "fields": {
    "tablename": "cmdb_ipconfiguration",
    "nextid": 10044
  }
},
{
  "model": "cmdb.ids",
  "pk": 135,
  "fields": {
    "tablename": "cmdb_ipsource",
    "nextid": 10041
  }
},
{
  "model": "cmdb.ids",
  "pk": 136,
  "fields": {
    "tablename": "cmdb_itemsset",
    "nextid": 10043
  }
},
{
  "model": "cmdb.ids",
  "pk": 137,
  "fields": {
    "tablename": "cmdb_operateaudit",
    "nextid": 10041
  }
},
{
  "model": "cmdb.ids",
  "pk": 138,
  "fields": {
    "tablename": "cmdb_portlist",
    "nextid": 100411
  }
},
{
  "model": "cmdb.ids",
  "pk": 139,
  "fields": {
    "tablename": "cmdb_portmapping",
    "nextid": 10044
  }
},
{
  "model": "cmdb.ids",
  "pk": 140,
  "fields": {
    "tablename": "cmdb_projects",
    "nextid": 10043
  }
},
{
  "model": "cmdb.ids",
  "pk": 141,
  "fields": {
    "tablename": "cmdb_r_equipment_staff",
    "nextid": 10042
  }
},
{
  "model": "cmdb.ids",
  "pk": 142,
  "fields": {
    "tablename": "cmdb_r_machineroom_staff",
    "nextid": 10041
  }
},
{
  "model": "cmdb.ids",
  "pk": 143,
  "fields": {
    "tablename": "cmdb_r_project_staff",
    "nextid": 10041
  }
},
{
  "model": "cmdb.ids",
  "pk": 144,
  "fields": {
    "tablename": "cmdb_r_server_business",
    "nextid": 10044
  }
},
{
  "model": "cmdb.ids",
  "pk": 145,
  "fields": {
    "tablename": "cmdb_r_server_staff",
    "nextid": 10041
  }
},
{
  "model": "cmdb.ids",
  "pk": 146,
  "fields": {
    "tablename": "cmdb_serverboardcard",
    "nextid": 10042
  }
},
{
  "model": "cmdb.ids",
  "pk": 147,
  "fields": {
    "tablename": "cmdb_servers",
    "nextid": 10044
  }
},
{
  "model": "cmdb.ids",
  "pk": 148,
  "fields": {
    "tablename": "cmdb_softlisence",
    "nextid": 10041
  }
},
{
  "model": "cmdb.ids",
  "pk": 149,
  "fields": {
    "tablename": "cmdb_staffs",
    "nextid": 10044
  }
},
{
  "model": "cmdb.ids",
  "pk": 150,
  "fields": {
    "tablename": "cmdb_storagelv",
    "nextid": 10042
  }
},
{
  "model": "cmdb.ids",
  "pk": 151,
  "fields": {
    "tablename": "cmdb_storagepv",
    "nextid": 10042
  }
},
{
  "model": "cmdb.ids",
  "pk": 152,
  "fields": {
    "tablename": "cmdb_storagevg",
    "nextid": 10042
  }
},
{
  "model": "cmdb.ids",
  "pk": 153,
  "fields": {
    "tablename": "account_menus",
    "nextid": 10051
  }
},
{
  "model": "cmdb.ids",
  "pk": 154,
  "fields": {
    "tablename": "cmdb_assethistory",
    "nextid": 10051
  }
},
{
  "model": "cmdb.ids",
  "pk": 155,
  "fields": {
    "tablename": "cmdb_assets",
    "nextid": 10051
  }
},
{
  "model": "cmdb.ids",
  "pk": 156,
  "fields": {
    "tablename": "cmdb_backuprecord",
    "nextid": 10051
  }
},
{
  "model": "cmdb.ids",
  "pk": 157,
  "fields": {
    "tablename": "cmdb_baseassetcabinet",
    "nextid": 10051
  }
},
{
  "model": "cmdb.ids",
  "pk": 158,
  "fields": {
    "tablename": "cmdb_baseassetstatus",
    "nextid": 10051
  }
},
{
  "model": "cmdb.ids",
  "pk": 159,
  "fields": {
    "tablename": "cmdb_baseassetsubtype",
    "nextid": 10051
  }
},
{
  "model": "cmdb.ids",
  "pk": 160,
  "fields": {
    "tablename": "cmdb_baseassettype",
    "nextid": 10051
  }
},
{
  "model": "cmdb.ids",
  "pk": 161,
  "fields": {
    "tablename": "cmdb_basebalancetype",
    "nextid": 10051
  }
},
{
  "model": "cmdb.ids",
  "pk": 162,
  "fields": {
    "tablename": "cmdb_basecompany",
    "nextid": 10051
  }
},
{
  "model": "cmdb.ids",
  "pk": 163,
  "fields": {
    "tablename": "cmdb_basecustomerinfo",
    "nextid": 10051
  }
},
{
  "model": "cmdb.ids",
  "pk": 164,
  "fields": {
    "tablename": "cmdb_basedatacenter",
    "nextid": 10051
  }
},
{
  "model": "cmdb.ids",
  "pk": 165,
  "fields": {
    "tablename": "cmdb_basedepartment",
    "nextid": 10051
  }
},
{
  "model": "cmdb.ids",
  "pk": 166,
  "fields": {
    "tablename": "cmdb_baseequipmenttype",
    "nextid": 10051
  }
},
{
  "model": "cmdb.ids",
  "pk": 167,
  "fields": {
    "tablename": "cmdb_basefactory",
    "nextid": 10051
  }
},
{
  "model": "cmdb.ids",
  "pk": 168,
  "fields": {
    "tablename": "cmdb_basemachineroom",
    "nextid": 10051
  }
},
{
  "model": "cmdb.ids",
  "pk": 169,
  "fields": {
    "tablename": "cmdb_basenetarea",
    "nextid": 10051
  }
},
{
  "model": "cmdb.ids",
  "pk": 170,
  "fields": {
    "tablename": "cmdb_baseraidtype",
    "nextid": 10051
  }
},
{
  "model": "cmdb.ids",
  "pk": 171,
  "fields": {
    "tablename": "cmdb_baserole",
    "nextid": 10051
  }
},
{
  "model": "cmdb.ids",
  "pk": 172,
  "fields": {
    "tablename": "cmdb_baserunningstatus",
    "nextid": 10051
  }
},
{
  "model": "cmdb.ids",
  "pk": 173,
  "fields": {
    "tablename": "cmdb_basesoft",
    "nextid": 10051
  }
},
{
  "model": "cmdb.ids",
  "pk": 174,
  "fields": {
    "tablename": "cmdb_basesofttype",
    "nextid": 10051
  }
},
{
  "model": "cmdb.ids",
  "pk": 175,
  "fields": {
    "tablename": "cmdb_business",
    "nextid": 10051
  }
},
{
  "model": "cmdb.ids",
  "pk": 176,
  "fields": {
    "tablename": "cmdb_cpumemory",
    "nextid": 10051
  }
},
{
  "model": "cmdb.ids",
  "pk": 177,
  "fields": {
    "tablename": "cmdb_equipment",
    "nextid": 10051
  }
},
{
  "model": "cmdb.ids",
  "pk": 178,
  "fields": {
    "tablename": "cmdb_equipmentboardcard",
    "nextid": 10051
  }
},
{
  "model": "cmdb.ids",
  "pk": 179,
  "fields": {
    "tablename": "cmdb_ids",
    "nextid": 10051
  }
},
{
  "model": "cmdb.ids",
  "pk": 180,
  "fields": {
    "tablename": "cmdb_installedsoftlist",
    "nextid": 10051
  }
},
{
  "model": "cmdb.ids",
  "pk": 181,
  "fields": {
    "tablename": "cmdb_ipallocation",
    "nextid": 10051
  }
},
{
  "model": "cmdb.ids",
  "pk": 182,
  "fields": {
    "tablename": "cmdb_ipconfiguration",
    "nextid": 10051
  }
},
{
  "model": "cmdb.ids",
  "pk": 183,
  "fields": {
    "tablename": "cmdb_ipsource",
    "nextid": 10051
  }
},
{
  "model": "cmdb.ids",
  "pk": 184,
  "fields": {
    "tablename": "cmdb_itemsset",
    "nextid": 10051
  }
},
{
  "model": "cmdb.ids",
  "pk": 185,
  "fields": {
    "tablename": "cmdb_operateaudit",
    "nextid": 10051
  }
},
{
  "model": "cmdb.ids",
  "pk": 186,
  "fields": {
    "tablename": "cmdb_portlist",
    "nextid": 10051
  }
},
{
  "model": "cmdb.ids",
  "pk": 187,
  "fields": {
    "tablename": "cmdb_portmapping",
    "nextid": 10051
  }
},
{
  "model": "cmdb.ids",
  "pk": 188,
  "fields": {
    "tablename": "cmdb_projects",
    "nextid": 10051
  }
},
{
  "model": "cmdb.ids",
  "pk": 189,
  "fields": {
    "tablename": "cmdb_r_equipment_staff",
    "nextid": 10051
  }
},
{
  "model": "cmdb.ids",
  "pk": 190,
  "fields": {
    "tablename": "cmdb_r_machineroom_staff",
    "nextid": 10051
  }
},
{
  "model": "cmdb.ids",
  "pk": 191,
  "fields": {
    "tablename": "cmdb_r_project_staff",
    "nextid": 10051
  }
},
{
  "model": "cmdb.ids",
  "pk": 192,
  "fields": {
    "tablename": "cmdb_r_server_business",
    "nextid": 10051
  }
},
{
  "model": "cmdb.ids",
  "pk": 193,
  "fields": {
    "tablename": "cmdb_r_server_staff",
    "nextid": 10051
  }
},
{
  "model": "cmdb.ids",
  "pk": 194,
  "fields": {
    "tablename": "cmdb_serverboardcard",
    "nextid": 10051
  }
},
{
  "model": "cmdb.ids",
  "pk": 195,
  "fields": {
    "tablename": "cmdb_servers",
    "nextid": 10051
  }
},
{
  "model": "cmdb.ids",
  "pk": 196,
  "fields": {
    "tablename": "cmdb_softlisence",
    "nextid": 10051
  }
},
{
  "model": "cmdb.ids",
  "pk": 197,
  "fields": {
    "tablename": "cmdb_staffs",
    "nextid": 10051
  }
},
{
  "model": "cmdb.ids",
  "pk": 198,
  "fields": {
    "tablename": "cmdb_storagelv",
    "nextid": 10051
  }
},
{
  "model": "cmdb.ids",
  "pk": 199,
  "fields": {
    "tablename": "cmdb_storagepv",
    "nextid": 10051
  }
},
{
  "model": "cmdb.ids",
  "pk": 200,
  "fields": {
    "tablename": "cmdb_storagevg",
    "nextid": 10051
  }
},
{
  "model": "cmdb.ids",
  "pk": 201,
  "fields": {
    "tablename": "account_menus",
    "nextid": 10061
  }
},
{
  "model": "cmdb.ids",
  "pk": 202,
  "fields": {
    "tablename": "cmdb_assethistory",
    "nextid": 10061
  }
},
{
  "model": "cmdb.ids",
  "pk": 203,
  "fields": {
    "tablename": "cmdb_assets",
    "nextid": 10061
  }
},
{
  "model": "cmdb.ids",
  "pk": 204,
  "fields": {
    "tablename": "cmdb_backuprecord",
    "nextid": 10061
  }
},
{
  "model": "cmdb.ids",
  "pk": 205,
  "fields": {
    "tablename": "cmdb_baseassetcabinet",
    "nextid": 10061
  }
},
{
  "model": "cmdb.ids",
  "pk": 206,
  "fields": {
    "tablename": "cmdb_baseassetstatus",
    "nextid": 10065
  }
},
{
  "model": "cmdb.ids",
  "pk": 207,
  "fields": {
    "tablename": "cmdb_baseassetsubtype",
    "nextid": 10061
  }
},
{
  "model": "cmdb.ids",
  "pk": 208,
  "fields": {
    "tablename": "cmdb_baseassettype",
    "nextid": 10069
  }
},
{
  "model": "cmdb.ids",
  "pk": 209,
  "fields": {
    "tablename": "cmdb_basebalancetype",
    "nextid": 10066
  }
},
{
  "model": "cmdb.ids",
  "pk": 210,
  "fields": {
    "tablename": "cmdb_basecompany",
    "nextid": 10061
  }
},
{
  "model": "cmdb.ids",
  "pk": 211,
  "fields": {
    "tablename": "cmdb_basecustomerinfo",
    "nextid": 10061
  }
},
{
  "model": "cmdb.ids",
  "pk": 212,
  "fields": {
    "tablename": "cmdb_basedatacenter",
    "nextid": 10061
  }
},
{
  "model": "cmdb.ids",
  "pk": 213,
  "fields": {
    "tablename": "cmdb_basedepartment",
    "nextid": 10061
  }
},
{
  "model": "cmdb.ids",
  "pk": 214,
  "fields": {
    "tablename": "cmdb_baseequipmenttype",
    "nextid": 10066
  }
},
{
  "model": "cmdb.ids",
  "pk": 215,
  "fields": {
    "tablename": "cmdb_basefactory",
    "nextid": 10069
  }
},
{
  "model": "cmdb.ids",
  "pk": 216,
  "fields": {
    "tablename": "cmdb_basemachineroom",
    "nextid": 10061
  }
},
{
  "model": "cmdb.ids",
  "pk": 217,
  "fields": {
    "tablename": "cmdb_basenetarea",
    "nextid": 10068
  }
},
{
  "model": "cmdb.ids",
  "pk": 218,
  "fields": {
    "tablename": "cmdb_baseraidtype",
    "nextid": 100610
  }
},
{
  "model": "cmdb.ids",
  "pk": 219,
  "fields": {
    "tablename": "cmdb_baserole",
    "nextid": 10065
  }
},
{
  "model": "cmdb.ids",
  "pk": 220,
  "fields": {
    "tablename": "cmdb_baserunningstatus",
    "nextid": 10065
  }
},
{
  "model": "cmdb.ids",
  "pk": 221,
  "fields": {
    "tablename": "cmdb_basesoft",
    "nextid": 100620
  }
},
{
  "model": "cmdb.ids",
  "pk": 222,
  "fields": {
    "tablename": "cmdb_basesofttype",
    "nextid": 10065
  }
},
{
  "model": "cmdb.ids",
  "pk": 223,
  "fields": {
    "tablename": "cmdb_business",
    "nextid": 10061
  }
},
{
  "model": "cmdb.ids",
  "pk": 224,
  "fields": {
    "tablename": "cmdb_cpumemory",
    "nextid": 10061
  }
},
{
  "model": "cmdb.ids",
  "pk": 225,
  "fields": {
    "tablename": "cmdb_equipment",
    "nextid": 10061
  }
},
{
  "model": "cmdb.ids",
  "pk": 226,
  "fields": {
    "tablename": "cmdb_equipmentboardcard",
    "nextid": 10061
  }
},
{
  "model": "cmdb.ids",
  "pk": 227,
  "fields": {
    "tablename": "cmdb_ids",
    "nextid": 10061
  }
},
{
  "model": "cmdb.ids",
  "pk": 228,
  "fields": {
    "tablename": "cmdb_installedsoftlist",
    "nextid": 10061
  }
},
{
  "model": "cmdb.ids",
  "pk": 229,
  "fields": {
    "tablename": "cmdb_ipallocation",
    "nextid": 10061
  }
},
{
  "model": "cmdb.ids",
  "pk": 230,
  "fields": {
    "tablename": "cmdb_ipconfiguration",
    "nextid": 10061
  }
},
{
  "model": "cmdb.ids",
  "pk": 231,
  "fields": {
    "tablename": "cmdb_ipsource",
    "nextid": 10061
  }
},
{
  "model": "cmdb.ids",
  "pk": 232,
  "fields": {
    "tablename": "cmdb_itemsset",
    "nextid": 10061
  }
},
{
  "model": "cmdb.ids",
  "pk": 233,
  "fields": {
    "tablename": "cmdb_operateaudit",
    "nextid": 10061
  }
},
{
  "model": "cmdb.ids",
  "pk": 234,
  "fields": {
    "tablename": "cmdb_portlist",
    "nextid": 10061
  }
},
{
  "model": "cmdb.ids",
  "pk": 235,
  "fields": {
    "tablename": "cmdb_portmapping",
    "nextid": 10061
  }
},
{
  "model": "cmdb.ids",
  "pk": 236,
  "fields": {
    "tablename": "cmdb_projects",
    "nextid": 10061
  }
},
{
  "model": "cmdb.ids",
  "pk": 237,
  "fields": {
    "tablename": "cmdb_r_equipment_staff",
    "nextid": 10061
  }
},
{
  "model": "cmdb.ids",
  "pk": 238,
  "fields": {
    "tablename": "cmdb_r_machineroom_staff",
    "nextid": 10061
  }
},
{
  "model": "cmdb.ids",
  "pk": 239,
  "fields": {
    "tablename": "cmdb_r_project_staff",
    "nextid": 10061
  }
},
{
  "model": "cmdb.ids",
  "pk": 240,
  "fields": {
    "tablename": "cmdb_r_server_business",
    "nextid": 10061
  }
},
{
  "model": "cmdb.ids",
  "pk": 241,
  "fields": {
    "tablename": "cmdb_r_server_staff",
    "nextid": 10061
  }
},
{
  "model": "cmdb.ids",
  "pk": 242,
  "fields": {
    "tablename": "cmdb_serverboardcard",
    "nextid": 10061
  }
},
{
  "model": "cmdb.ids",
  "pk": 243,
  "fields": {
    "tablename": "cmdb_servers",
    "nextid": 10061
  }
},
{
  "model": "cmdb.ids",
  "pk": 244,
  "fields": {
    "tablename": "cmdb_softlisence",
    "nextid": 10061
  }
},
{
  "model": "cmdb.ids",
  "pk": 245,
  "fields": {
    "tablename": "cmdb_staffs",
    "nextid": 10061
  }
},
{
  "model": "cmdb.ids",
  "pk": 246,
  "fields": {
    "tablename": "cmdb_storagelv",
    "nextid": 10061
  }
},
{
  "model": "cmdb.ids",
  "pk": 247,
  "fields": {
    "tablename": "cmdb_storagepv",
    "nextid": 10061
  }
},
{
  "model": "cmdb.ids",
  "pk": 248,
  "fields": {
    "tablename": "cmdb_storagevg",
    "nextid": 10061
  }
},
{
  "model": "cmdb.ids",
  "pk": 249,
  "fields": {
    "tablename": "cmdb_basedatacenter",
    "nextid": 10022
  }
},
{
  "model": "cmdb.ids",
  "pk": 250,
  "fields": {
    "tablename": "cmdb_basemachineroom",
    "nextid": 10022
  }
},
{
  "model": "cmdb.ids",
  "pk": 251,
  "fields": {
    "tablename": "cmdb_equipment",
    "nextid": 10026
  }
},
{
  "model": "cmdb.ids",
  "pk": 252,
  "fields": {
    "tablename": "cmdb_servers",
    "nextid": 10025
  }
},
{
  "model": "cmdb.ids",
  "pk": 253,
  "fields": {
    "tablename": "cmdb_installedsoftlist",
    "nextid": 10023
  }
},
{
  "model": "cmdb.ids",
  "pk": 254,
  "fields": {
    "tablename": "cmdb_assethistory",
    "nextid": 100110
  }
},
{
  "model": "cmdb.ids",
  "pk": 255,
  "fields": {
    "tablename": "cmdb_business",
    "nextid": 10026
  }
},
{
  "model": "cmdb.ids",
  "pk": 304,
  "fields": {
    "tablename": "account_menus",
    "nextid": 10071
  }
},
{
  "model": "cmdb.ids",
  "pk": 305,
  "fields": {
    "tablename": "cmdb_assethistory",
    "nextid": 10071
  }
},
{
  "model": "cmdb.ids",
  "pk": 306,
  "fields": {
    "tablename": "cmdb_assets",
    "nextid": 10071
  }
},
{
  "model": "cmdb.ids",
  "pk": 307,
  "fields": {
    "tablename": "cmdb_backuprecord",
    "nextid": 10071
  }
},
{
  "model": "cmdb.ids",
  "pk": 308,
  "fields": {
    "tablename": "cmdb_baseassetcabinet",
    "nextid": 10071
  }
},
{
  "model": "cmdb.ids",
  "pk": 309,
  "fields": {
    "tablename": "cmdb_baseassetstatus",
    "nextid": 10075
  }
},
{
  "model": "cmdb.ids",
  "pk": 310,
  "fields": {
    "tablename": "cmdb_baseassetsubtype",
    "nextid": 10077
  }
},
{
  "model": "cmdb.ids",
  "pk": 311,
  "fields": {
    "tablename": "cmdb_baseassettype",
    "nextid": 10079
  }
},
{
  "model": "cmdb.ids",
  "pk": 312,
  "fields": {
    "tablename": "cmdb_basebalancetype",
    "nextid": 10076
  }
},
{
  "model": "cmdb.ids",
  "pk": 313,
  "fields": {
    "tablename": "cmdb_basecompany",
    "nextid": 10071
  }
},
{
  "model": "cmdb.ids",
  "pk": 314,
  "fields": {
    "tablename": "cmdb_basecustomerinfo",
    "nextid": 10071
  }
},
{
  "model": "cmdb.ids",
  "pk": 315,
  "fields": {
    "tablename": "cmdb_basedatacenter",
    "nextid": 10071
  }
},
{
  "model": "cmdb.ids",
  "pk": 316,
  "fields": {
    "tablename": "cmdb_basedepartment",
    "nextid": 10071
  }
},
{
  "model": "cmdb.ids",
  "pk": 317,
  "fields": {
    "tablename": "cmdb_baseequipmenttype",
    "nextid": 10076
  }
},
{
  "model": "cmdb.ids",
  "pk": 318,
  "fields": {
    "tablename": "cmdb_basefactory",
    "nextid": 10079
  }
},
{
  "model": "cmdb.ids",
  "pk": 319,
  "fields": {
    "tablename": "cmdb_basemachineroom",
    "nextid": 10071
  }
},
{
  "model": "cmdb.ids",
  "pk": 320,
  "fields": {
    "tablename": "cmdb_basenetarea",
    "nextid": 10078
  }
},
{
  "model": "cmdb.ids",
  "pk": 321,
  "fields": {
    "tablename": "cmdb_baseraidtype",
    "nextid": 100710
  }
},
{
  "model": "cmdb.ids",
  "pk": 322,
  "fields": {
    "tablename": "cmdb_baserole",
    "nextid": 10075
  }
},
{
  "model": "cmdb.ids",
  "pk": 323,
  "fields": {
    "tablename": "cmdb_baserunningstatus",
    "nextid": 10075
  }
},
{
  "model": "cmdb.ids",
  "pk": 324,
  "fields": {
    "tablename": "cmdb_basesoft",
    "nextid": 100719
  }
},
{
  "model": "cmdb.ids",
  "pk": 325,
  "fields": {
    "tablename": "cmdb_basesofttype",
    "nextid": 10075
  }
},
{
  "model": "cmdb.ids",
  "pk": 326,
  "fields": {
    "tablename": "cmdb_business",
    "nextid": 10071
  }
},
{
  "model": "cmdb.ids",
  "pk": 327,
  "fields": {
    "tablename": "cmdb_cpumemory",
    "nextid": 10071
  }
},
{
  "model": "cmdb.ids",
  "pk": 328,
  "fields": {
    "tablename": "cmdb_equipment",
    "nextid": 10071
  }
},
{
  "model": "cmdb.ids",
  "pk": 329,
  "fields": {
    "tablename": "cmdb_equipmentboardcard",
    "nextid": 10071
  }
},
{
  "model": "cmdb.ids",
  "pk": 330,
  "fields": {
    "tablename": "cmdb_ids",
    "nextid": 10071
  }
},
{
  "model": "cmdb.ids",
  "pk": 331,
  "fields": {
    "tablename": "cmdb_installedsoftlist",
    "nextid": 10071
  }
},
{
  "model": "cmdb.ids",
  "pk": 332,
  "fields": {
    "tablename": "cmdb_ipallocation",
    "nextid": 10071
  }
},
{
  "model": "cmdb.ids",
  "pk": 333,
  "fields": {
    "tablename": "cmdb_ipconfiguration",
    "nextid": 10071
  }
},
{
  "model": "cmdb.ids",
  "pk": 334,
  "fields": {
    "tablename": "cmdb_ipsource",
    "nextid": 10071
  }
},
{
  "model": "cmdb.ids",
  "pk": 335,
  "fields": {
    "tablename": "cmdb_itemsset",
    "nextid": 10071
  }
},
{
  "model": "cmdb.ids",
  "pk": 336,
  "fields": {
    "tablename": "cmdb_operateaudit",
    "nextid": 10071
  }
},
{
  "model": "cmdb.ids",
  "pk": 337,
  "fields": {
    "tablename": "cmdb_portlist",
    "nextid": 10071
  }
},
{
  "model": "cmdb.ids",
  "pk": 338,
  "fields": {
    "tablename": "cmdb_portmapping",
    "nextid": 10071
  }
},
{
  "model": "cmdb.ids",
  "pk": 339,
  "fields": {
    "tablename": "cmdb_projects",
    "nextid": 10071
  }
},
{
  "model": "cmdb.ids",
  "pk": 340,
  "fields": {
    "tablename": "cmdb_r_equipment_staff",
    "nextid": 10071
  }
},
{
  "model": "cmdb.ids",
  "pk": 341,
  "fields": {
    "tablename": "cmdb_r_machineroom_staff",
    "nextid": 10071
  }
},
{
  "model": "cmdb.ids",
  "pk": 342,
  "fields": {
    "tablename": "cmdb_r_project_staff",
    "nextid": 10071
  }
},
{
  "model": "cmdb.ids",
  "pk": 343,
  "fields": {
    "tablename": "cmdb_r_server_business",
    "nextid": 10071
  }
},
{
  "model": "cmdb.ids",
  "pk": 344,
  "fields": {
    "tablename": "cmdb_r_server_staff",
    "nextid": 10071
  }
},
{
  "model": "cmdb.ids",
  "pk": 345,
  "fields": {
    "tablename": "cmdb_serverboardcard",
    "nextid": 10071
  }
},
{
  "model": "cmdb.ids",
  "pk": 346,
  "fields": {
    "tablename": "cmdb_servers",
    "nextid": 10071
  }
},
{
  "model": "cmdb.ids",
  "pk": 347,
  "fields": {
    "tablename": "cmdb_softlisence",
    "nextid": 10071
  }
},
{
  "model": "cmdb.ids",
  "pk": 348,
  "fields": {
    "tablename": "cmdb_staffs",
    "nextid": 10071
  }
},
{
  "model": "cmdb.ids",
  "pk": 349,
  "fields": {
    "tablename": "cmdb_storagelv",
    "nextid": 10071
  }
},
{
  "model": "cmdb.ids",
  "pk": 350,
  "fields": {
    "tablename": "cmdb_storagepv",
    "nextid": 10071
  }
},
{
  "model": "cmdb.ids",
  "pk": 351,
  "fields": {
    "tablename": "cmdb_storagevg",
    "nextid": 10071
  }
},
{
  "model": "cmdb.ids",
  "pk": 352,
  "fields": {
    "tablename": "account_menus",
    "nextid": 10081
  }
},
{
  "model": "cmdb.ids",
  "pk": 353,
  "fields": {
    "tablename": "cmdb_assethistory",
    "nextid": 10081
  }
},
{
  "model": "cmdb.ids",
  "pk": 354,
  "fields": {
    "tablename": "cmdb_assets",
    "nextid": 10081
  }
},
{
  "model": "cmdb.ids",
  "pk": 355,
  "fields": {
    "tablename": "cmdb_backuprecord",
    "nextid": 10081
  }
},
{
  "model": "cmdb.ids",
  "pk": 356,
  "fields": {
    "tablename": "cmdb_baseassetcabinet",
    "nextid": 10081
  }
},
{
  "model": "cmdb.ids",
  "pk": 357,
  "fields": {
    "tablename": "cmdb_baseassetstatus",
    "nextid": 10085
  }
},
{
  "model": "cmdb.ids",
  "pk": 358,
  "fields": {
    "tablename": "cmdb_baseassetsubtype",
    "nextid": 10087
  }
},
{
  "model": "cmdb.ids",
  "pk": 359,
  "fields": {
    "tablename": "cmdb_baseassettype",
    "nextid": 10089
  }
},
{
  "model": "cmdb.ids",
  "pk": 360,
  "fields": {
    "tablename": "cmdb_basebalancetype",
    "nextid": 10086
  }
},
{
  "model": "cmdb.ids",
  "pk": 361,
  "fields": {
    "tablename": "cmdb_basecompany",
    "nextid": 10081
  }
},
{
  "model": "cmdb.ids",
  "pk": 362,
  "fields": {
    "tablename": "cmdb_basecustomerinfo",
    "nextid": 10081
  }
},
{
  "model": "cmdb.ids",
  "pk": 363,
  "fields": {
    "tablename": "cmdb_basedatacenter",
    "nextid": 10081
  }
},
{
  "model": "cmdb.ids",
  "pk": 364,
  "fields": {
    "tablename": "cmdb_basedepartment",
    "nextid": 10081
  }
},
{
  "model": "cmdb.ids",
  "pk": 365,
  "fields": {
    "tablename": "cmdb_baseequipmenttype",
    "nextid": 10086
  }
},
{
  "model": "cmdb.ids",
  "pk": 366,
  "fields": {
    "tablename": "cmdb_basefactory",
    "nextid": 10089
  }
},
{
  "model": "cmdb.ids",
  "pk": 367,
  "fields": {
    "tablename": "cmdb_basemachineroom",
    "nextid": 10081
  }
},
{
  "model": "cmdb.ids",
  "pk": 368,
  "fields": {
    "tablename": "cmdb_basenetarea",
    "nextid": 10088
  }
},
{
  "model": "cmdb.ids",
  "pk": 369,
  "fields": {
    "tablename": "cmdb_baseraidtype",
    "nextid": 100810
  }
},
{
  "model": "cmdb.ids",
  "pk": 370,
  "fields": {
    "tablename": "cmdb_baserole",
    "nextid": 10085
  }
},
{
  "model": "cmdb.ids",
  "pk": 371,
  "fields": {
    "tablename": "cmdb_baserunningstatus",
    "nextid": 10085
  }
},
{
  "model": "cmdb.ids",
  "pk": 372,
  "fields": {
    "tablename": "cmdb_basesoft",
    "nextid": 100819
  }
},
{
  "model": "cmdb.ids",
  "pk": 373,
  "fields": {
    "tablename": "cmdb_basesofttype",
    "nextid": 10085
  }
},
{
  "model": "cmdb.ids",
  "pk": 374,
  "fields": {
    "tablename": "cmdb_business",
    "nextid": 10081
  }
},
{
  "model": "cmdb.ids",
  "pk": 375,
  "fields": {
    "tablename": "cmdb_cpumemory",
    "nextid": 10081
  }
},
{
  "model": "cmdb.ids",
  "pk": 376,
  "fields": {
    "tablename": "cmdb_equipment",
    "nextid": 10081
  }
},
{
  "model": "cmdb.ids",
  "pk": 377,
  "fields": {
    "tablename": "cmdb_equipmentboardcard",
    "nextid": 10081
  }
},
{
  "model": "cmdb.ids",
  "pk": 378,
  "fields": {
    "tablename": "cmdb_ids",
    "nextid": 10081
  }
},
{
  "model": "cmdb.ids",
  "pk": 379,
  "fields": {
    "tablename": "cmdb_installedsoftlist",
    "nextid": 10081
  }
},
{
  "model": "cmdb.ids",
  "pk": 380,
  "fields": {
    "tablename": "cmdb_ipallocation",
    "nextid": 10081
  }
},
{
  "model": "cmdb.ids",
  "pk": 381,
  "fields": {
    "tablename": "cmdb_ipconfiguration",
    "nextid": 10081
  }
},
{
  "model": "cmdb.ids",
  "pk": 382,
  "fields": {
    "tablename": "cmdb_ipsource",
    "nextid": 10081
  }
},
{
  "model": "cmdb.ids",
  "pk": 383,
  "fields": {
    "tablename": "cmdb_itemsset",
    "nextid": 10081
  }
},
{
  "model": "cmdb.ids",
  "pk": 384,
  "fields": {
    "tablename": "cmdb_operateaudit",
    "nextid": 10081
  }
},
{
  "model": "cmdb.ids",
  "pk": 385,
  "fields": {
    "tablename": "cmdb_portlist",
    "nextid": 10081
  }
},
{
  "model": "cmdb.ids",
  "pk": 386,
  "fields": {
    "tablename": "cmdb_portmapping",
    "nextid": 10081
  }
},
{
  "model": "cmdb.ids",
  "pk": 387,
  "fields": {
    "tablename": "cmdb_projects",
    "nextid": 10081
  }
},
{
  "model": "cmdb.ids",
  "pk": 388,
  "fields": {
    "tablename": "cmdb_r_equipment_staff",
    "nextid": 10081
  }
},
{
  "model": "cmdb.ids",
  "pk": 389,
  "fields": {
    "tablename": "cmdb_r_machineroom_staff",
    "nextid": 10081
  }
},
{
  "model": "cmdb.ids",
  "pk": 390,
  "fields": {
    "tablename": "cmdb_r_project_staff",
    "nextid": 10081
  }
},
{
  "model": "cmdb.ids",
  "pk": 391,
  "fields": {
    "tablename": "cmdb_r_server_business",
    "nextid": 10081
  }
},
{
  "model": "cmdb.ids",
  "pk": 392,
  "fields": {
    "tablename": "cmdb_r_server_staff",
    "nextid": 10081
  }
},
{
  "model": "cmdb.ids",
  "pk": 393,
  "fields": {
    "tablename": "cmdb_serverboardcard",
    "nextid": 10081
  }
},
{
  "model": "cmdb.ids",
  "pk": 394,
  "fields": {
    "tablename": "cmdb_servers",
    "nextid": 10081
  }
},
{
  "model": "cmdb.ids",
  "pk": 395,
  "fields": {
    "tablename": "cmdb_softlisence",
    "nextid": 10081
  }
},
{
  "model": "cmdb.ids",
  "pk": 396,
  "fields": {
    "tablename": "cmdb_staffs",
    "nextid": 10081
  }
},
{
  "model": "cmdb.ids",
  "pk": 397,
  "fields": {
    "tablename": "cmdb_storagelv",
    "nextid": 10081
  }
},
{
  "model": "cmdb.ids",
  "pk": 398,
  "fields": {
    "tablename": "cmdb_storagepv",
    "nextid": 10081
  }
},
{
  "model": "cmdb.ids",
  "pk": 399,
  "fields": {
    "tablename": "cmdb_storagevg",
    "nextid": 10081
  }
},
{
  "model": "cmdb.ids",
  "pk": 400,
  "fields": {
    "tablename": "cmdb_ipconfiguration",
    "nextid": 100213
  }
},
{
  "model": "cmdb.ids",
  "pk": 401,
  "fields": {
    "tablename": "cmdb_serverboardcard",
    "nextid": 10022
  }
},
{
  "model": "cmdb.ids",
  "pk": 402,
  "fields": {
    "tablename": "cmdb_portlist",
    "nextid": 100215
  }
},
{
  "model": "cmdb.ids",
  "pk": 403,
  "fields": {
    "tablename": "cmdb_storagevg",
    "nextid": 10022
  }
},
{
  "model": "cmdb.ids",
  "pk": 404,
  "fields": {
    "tablename": "cmdb_storagelv",
    "nextid": 10022
  }
},
{
  "model": "cmdb.ids",
  "pk": 405,
  "fields": {
    "tablename": "cmdb_storagepv",
    "nextid": 10022
  }
},
{
  "model": "cmdb.ids",
  "pk": 406,
  "fields": {
    "tablename": "cmdb_equipmentboardcard",
    "nextid": 10023
  }
},
{
  "model": "cmdb.ids",
  "pk": 407,
  "fields": {
    "tablename": "cmdb_portmapping",
    "nextid": 10025
  }
},
{
  "model": "cmdb.ids",
  "pk": 408,
  "fields": {
    "tablename": "cmdb_r_equipment_staff",
    "nextid": 10022
  }
},
{
  "model": "cmdb.basecompany",
  "pk": 10011,
  "fields": {
    "name": "\u5176\u5b83"
  }
},
{
  "model": "cmdb.basecompany",
  "pk": 10012,
  "fields": {
    "name": "\u5305\u5546\u94f6\u884c"
  }
},
{
  "model": "cmdb.basecompany",
  "pk": 10013,
  "fields": {
    "name": "\u4e9a\u8054\u4fe1\u606f"
  }
},
{
  "model": "cmdb.basecompany",
  "pk": 10014,
  "fields": {
    "name": "\u4e2d\u6c11\u6295"
  }
},
{
  "model": "cmdb.basecompany",
  "pk": 10021,
  "fields": {
    "name": "\u5176\u5b83"
  }
},
{
  "model": "cmdb.basedepartment",
  "pk": 10011,
  "fields": {
    "company": 10012,
    "name": "\u79d1\u6280\u5904",
    "up_department": null,
    "top_department": null
  }
},
{
  "model": "cmdb.baserole",
  "pk": 10011,
  "fields": {
    "role_name": "\u884c\u65b9\u8d1f\u8d23\u4eba"
  }
},
{
  "model": "cmdb.baserole",
  "pk": 10012,
  "fields": {
    "role_name": "\u5f00\u53d1\u4eba\u5458"
  }
},
{
  "model": "cmdb.baserole",
  "pk": 10013,
  "fields": {
    "role_name": "\u9879\u76ee\u7ecf\u7406"
  }
},
{
  "model": "cmdb.baserole",
  "pk": 10014,
  "fields": {
    "role_name": "\u884c\u65b9\u8d1f\u8d23\u4eba"
  }
},
{
  "model": "cmdb.baserole",
  "pk": 10015,
  "fields": {
    "role_name": "\u5916\u5305\u9879\u76ee\u7ecf\u7406"
  }
},
{
  "model": "cmdb.baserole",
  "pk": 10017,
  "fields": {
    "role_name": "\u5916\u5305\u8fd0\u7ef4\u4eba\u5458"
  }
},
{
  "model": "cmdb.baserole",
  "pk": 10018,
  "fields": {
    "role_name": "\u786c\u4ef6\u8d1f\u8d23\u4eba"
  }
},
{
  "model": "cmdb.baserole",
  "pk": 10019,
  "fields": {
    "role_name": "\u5e94\u7528\u8d1f\u8d23\u4eba"
  }
},
{
  "model": "cmdb.baserole",
  "pk": 10021,
  "fields": {
    "role_name": "\u8fd0\u7ef4\u4eba\u5458"
  }
},
{
  "model": "cmdb.baserole",
  "pk": 10022,
  "fields": {
    "role_name": "\u5f00\u53d1\u4eba\u5458"
  }
},
{
  "model": "cmdb.baserole",
  "pk": 10023,
  "fields": {
    "role_name": "\u9879\u76ee\u7ecf\u7406"
  }
},
{
  "model": "cmdb.baserole",
  "pk": 10024,
  "fields": {
    "role_name": "\u884c\u65b9\u8d1f\u8d23\u4eba"
  }
},
{
  "model": "cmdb.baserole",
  "pk": 10031,
  "fields": {
    "role_name": "\u8fd0\u7ef4\u4eba\u5458"
  }
},
{
  "model": "cmdb.baserole",
  "pk": 10032,
  "fields": {
    "role_name": "\u5f00\u53d1\u4eba\u5458"
  }
},
{
  "model": "cmdb.baserole",
  "pk": 10033,
  "fields": {
    "role_name": "\u9879\u76ee\u7ecf\u7406"
  }
},
{
  "model": "cmdb.baserole",
  "pk": 10034,
  "fields": {
    "role_name": "\u884c\u65b9\u8d1f\u8d23\u4eba"
  }
},
{
  "model": "cmdb.baserole",
  "pk": 10041,
  "fields": {
    "role_name": "\u8fd0\u7ef4\u4eba\u5458"
  }
},
{
  "model": "cmdb.baserole",
  "pk": 10042,
  "fields": {
    "role_name": "\u5f00\u53d1\u4eba\u5458"
  }
},
{
  "model": "cmdb.baserole",
  "pk": 10043,
  "fields": {
    "role_name": "\u9879\u76ee\u7ecf\u7406"
  }
},
{
  "model": "cmdb.baserole",
  "pk": 10044,
  "fields": {
    "role_name": "\u884c\u65b9\u8d1f\u8d23\u4eba"
  }
},
{
  "model": "cmdb.baserole",
  "pk": 10051,
  "fields": {
    "role_name": "\u8fd0\u7ef4\u4eba\u5458"
  }
},
{
  "model": "cmdb.baserole",
  "pk": 10052,
  "fields": {
    "role_name": "\u5f00\u53d1\u4eba\u5458"
  }
},
{
  "model": "cmdb.baserole",
  "pk": 10053,
  "fields": {
    "role_name": "\u9879\u76ee\u7ecf\u7406"
  }
},
{
  "model": "cmdb.baserole",
  "pk": 10054,
  "fields": {
    "role_name": "\u884c\u65b9\u8d1f\u8d23\u4eba"
  }
},
{
  "model": "cmdb.baserole",
  "pk": 10061,
  "fields": {
    "role_name": "\u8fd0\u7ef4\u4eba\u5458"
  }
},
{
  "model": "cmdb.baserole",
  "pk": 10062,
  "fields": {
    "role_name": "\u5f00\u53d1\u4eba\u5458"
  }
},
{
  "model": "cmdb.baserole",
  "pk": 10063,
  "fields": {
    "role_name": "\u9879\u76ee\u7ecf\u7406"
  }
},
{
  "model": "cmdb.baserole",
  "pk": 10064,
  "fields": {
    "role_name": "\u884c\u65b9\u8d1f\u8d23\u4eba"
  }
},
{
  "model": "cmdb.baserole",
  "pk": 10071,
  "fields": {
    "role_name": "\u8fd0\u7ef4\u4eba\u5458"
  }
},
{
  "model": "cmdb.baserole",
  "pk": 10072,
  "fields": {
    "role_name": "\u5f00\u53d1\u4eba\u5458"
  }
},
{
  "model": "cmdb.baserole",
  "pk": 10073,
  "fields": {
    "role_name": "\u9879\u76ee\u7ecf\u7406"
  }
},
{
  "model": "cmdb.baserole",
  "pk": 10074,
  "fields": {
    "role_name": "\u884c\u65b9\u8d1f\u8d23\u4eba"
  }
},
{
  "model": "cmdb.baserole",
  "pk": 10081,
  "fields": {
    "role_name": "\u8fd0\u7ef4\u4eba\u5458"
  }
},
{
  "model": "cmdb.baserole",
  "pk": 10082,
  "fields": {
    "role_name": "\u5f00\u53d1\u4eba\u5458"
  }
},
{
  "model": "cmdb.baserole",
  "pk": 10083,
  "fields": {
    "role_name": "\u9879\u76ee\u7ecf\u7406"
  }
},
{
  "model": "cmdb.baserole",
  "pk": 10084,
  "fields": {
    "role_name": "\u884c\u65b9\u8d1f\u8d23\u4eba"
  }
},
{
  "model": "cmdb.baserole",
  "pk": 100111,
  "fields": {
    "role_name": "\u8d1f\u8d23\u4eba"
  }
},
{
  "model": "cmdb.basesofttype",
  "pk": 10011,
  "fields": {
    "name": "\u64cd\u4f5c\u7cfb\u7edf"
  }
},
{
  "model": "cmdb.basesofttype",
  "pk": 10012,
  "fields": {
    "name": "\u6570\u636e\u5e93\u8f6f\u4ef6"
  }
},
{
  "model": "cmdb.basesofttype",
  "pk": 10013,
  "fields": {
    "name": "\u4e2d\u95f4\u4ef6\u7cfb\u7edf"
  }
},
{
  "model": "cmdb.basesofttype",
  "pk": 10014,
  "fields": {
    "name": "\u5e94\u7528\u7cfb\u7edf"
  }
},
{
  "model": "cmdb.basesofttype",
  "pk": 10021,
  "fields": {
    "name": "\u64cd\u4f5c\u7cfb\u7edf"
  }
},
{
  "model": "cmdb.basesofttype",
  "pk": 10022,
  "fields": {
    "name": "\u6570\u636e\u5e93\u8f6f\u4ef6"
  }
},
{
  "model": "cmdb.basesofttype",
  "pk": 10023,
  "fields": {
    "name": "\u4e2d\u95f4\u4ef6\u8f6f\u4ef6"
  }
},
{
  "model": "cmdb.basesofttype",
  "pk": 10024,
  "fields": {
    "name": "\u5e94\u7528\u8f6f\u4ef6"
  }
},
{
  "model": "cmdb.basesofttype",
  "pk": 10031,
  "fields": {
    "name": "\u64cd\u4f5c\u7cfb\u7edf"
  }
},
{
  "model": "cmdb.basesofttype",
  "pk": 10032,
  "fields": {
    "name": "\u6570\u636e\u5e93\u8f6f\u4ef6"
  }
},
{
  "model": "cmdb.basesofttype",
  "pk": 10033,
  "fields": {
    "name": "\u4e2d\u95f4\u4ef6\u8f6f\u4ef6"
  }
},
{
  "model": "cmdb.basesofttype",
  "pk": 10034,
  "fields": {
    "name": "\u5e94\u7528\u8f6f\u4ef6"
  }
},
{
  "model": "cmdb.basesofttype",
  "pk": 10041,
  "fields": {
    "name": "\u64cd\u4f5c\u7cfb\u7edf"
  }
},
{
  "model": "cmdb.basesofttype",
  "pk": 10042,
  "fields": {
    "name": "\u6570\u636e\u5e93\u8f6f\u4ef6"
  }
},
{
  "model": "cmdb.basesofttype",
  "pk": 10043,
  "fields": {
    "name": "\u4e2d\u95f4\u4ef6\u8f6f\u4ef6"
  }
},
{
  "model": "cmdb.basesofttype",
  "pk": 10044,
  "fields": {
    "name": "\u5e94\u7528\u8f6f\u4ef6"
  }
},
{
  "model": "cmdb.basesofttype",
  "pk": 10051,
  "fields": {
    "name": "\u64cd\u4f5c\u7cfb\u7edf"
  }
},
{
  "model": "cmdb.basesofttype",
  "pk": 10052,
  "fields": {
    "name": "\u6570\u636e\u5e93\u8f6f\u4ef6"
  }
},
{
  "model": "cmdb.basesofttype",
  "pk": 10053,
  "fields": {
    "name": "\u4e2d\u95f4\u4ef6\u8f6f\u4ef6"
  }
},
{
  "model": "cmdb.basesofttype",
  "pk": 10054,
  "fields": {
    "name": "\u5e94\u7528\u8f6f\u4ef6"
  }
},
{
  "model": "cmdb.basesofttype",
  "pk": 10061,
  "fields": {
    "name": "\u64cd\u4f5c\u7cfb\u7edf"
  }
},
{
  "model": "cmdb.basesofttype",
  "pk": 10062,
  "fields": {
    "name": "\u6570\u636e\u5e93\u8f6f\u4ef6"
  }
},
{
  "model": "cmdb.basesofttype",
  "pk": 10063,
  "fields": {
    "name": "\u4e2d\u95f4\u4ef6\u8f6f\u4ef6"
  }
},
{
  "model": "cmdb.basesofttype",
  "pk": 10064,
  "fields": {
    "name": "\u5e94\u7528\u8f6f\u4ef6"
  }
},
{
  "model": "cmdb.basesofttype",
  "pk": 10071,
  "fields": {
    "name": "\u64cd\u4f5c\u7cfb\u7edf"
  }
},
{
  "model": "cmdb.basesofttype",
  "pk": 10072,
  "fields": {
    "name": "\u6570\u636e\u5e93\u8f6f\u4ef6"
  }
},
{
  "model": "cmdb.basesofttype",
  "pk": 10073,
  "fields": {
    "name": "\u4e2d\u95f4\u4ef6\u8f6f\u4ef6"
  }
},
{
  "model": "cmdb.basesofttype",
  "pk": 10074,
  "fields": {
    "name": "\u5e94\u7528\u8f6f\u4ef6"
  }
},
{
  "model": "cmdb.basesofttype",
  "pk": 10081,
  "fields": {
    "name": "\u64cd\u4f5c\u7cfb\u7edf"
  }
},
{
  "model": "cmdb.basesofttype",
  "pk": 10082,
  "fields": {
    "name": "\u6570\u636e\u5e93\u8f6f\u4ef6"
  }
},
{
  "model": "cmdb.basesofttype",
  "pk": 10083,
  "fields": {
    "name": "\u4e2d\u95f4\u4ef6\u8f6f\u4ef6"
  }
},
{
  "model": "cmdb.basesofttype",
  "pk": 10084,
  "fields": {
    "name": "\u5e94\u7528\u8f6f\u4ef6"
  }
},
{
  "model": "cmdb.basesoft",
  "pk": 10011,
  "fields": {
    "name": "RHEL",
    "type": 10011,
    "version": "7.0"
  }
},
{
  "model": "cmdb.basesoft",
  "pk": 10012,
  "fields": {
    "name": "RHEL",
    "type": 10011,
    "version": "6.4"
  }
},
{
  "model": "cmdb.basesoft",
  "pk": 10013,
  "fields": {
    "name": "CentOS",
    "type": 10011,
    "version": "7.0"
  }
},
{
  "model": "cmdb.basesoft",
  "pk": 10014,
  "fields": {
    "name": "HPUX",
    "type": 10011,
    "version": "11.11"
  }
},
{
  "model": "cmdb.basesoft",
  "pk": 10015,
  "fields": {
    "name": "HPUX",
    "type": 10011,
    "version": "11.23"
  }
},
{
  "model": "cmdb.basesoft",
  "pk": 10016,
  "fields": {
    "name": "AIX",
    "type": 10011,
    "version": "6.3"
  }
},
{
  "model": "cmdb.basesoft",
  "pk": 10017,
  "fields": {
    "name": "ORACLE",
    "type": 10012,
    "version": "10.0.2.4"
  }
},
{
  "model": "cmdb.basesoft",
  "pk": 10018,
  "fields": {
    "name": "ORACLE",
    "type": 10012,
    "version": "11G"
  }
},
{
  "model": "cmdb.basesoft",
  "pk": 10019,
  "fields": {
    "name": "ORACLE",
    "type": 10012,
    "version": "12C"
  }
},
{
  "model": "cmdb.basesoft",
  "pk": 10021,
  "fields": {
    "name": "AIX",
    "type": 10021,
    "version": "7.1"
  }
},
{
  "model": "cmdb.basesoft",
  "pk": 10022,
  "fields": {
    "name": "AIX",
    "type": 10021,
    "version": "6.1"
  }
},
{
  "model": "cmdb.basesoft",
  "pk": 10023,
  "fields": {
    "name": "AIX",
    "type": 10021,
    "version": "5.3"
  }
},
{
  "model": "cmdb.basesoft",
  "pk": 10024,
  "fields": {
    "name": "HPUX",
    "type": 10021,
    "version": "11.23"
  }
},
{
  "model": "cmdb.basesoft",
  "pk": 10025,
  "fields": {
    "name": "HPUX",
    "type": 10021,
    "version": "11.11"
  }
},
{
  "model": "cmdb.basesoft",
  "pk": 10026,
  "fields": {
    "name": "RHEL",
    "type": 10021,
    "version": "7.0"
  }
},
{
  "model": "cmdb.basesoft",
  "pk": 10027,
  "fields": {
    "name": "RHEL",
    "type": 10021,
    "version": "6.5"
  }
},
{
  "model": "cmdb.basesoft",
  "pk": 10028,
  "fields": {
    "name": "RHEL",
    "type": 10021,
    "version": "6.4"
  }
},
{
  "model": "cmdb.basesoft",
  "pk": 10029,
  "fields": {
    "name": "Solaris",
    "type": 10021,
    "version": "10.9"
  }
},
{
  "model": "cmdb.basesoft",
  "pk": 10031,
  "fields": {
    "name": "AIX",
    "type": 10031,
    "version": "7.1"
  }
},
{
  "model": "cmdb.basesoft",
  "pk": 10032,
  "fields": {
    "name": "AIX",
    "type": 10031,
    "version": "6.1"
  }
},
{
  "model": "cmdb.basesoft",
  "pk": 10033,
  "fields": {
    "name": "AIX",
    "type": 10031,
    "version": "5.3"
  }
},
{
  "model": "cmdb.basesoft",
  "pk": 10034,
  "fields": {
    "name": "HPUX",
    "type": 10031,
    "version": "11.23"
  }
},
{
  "model": "cmdb.basesoft",
  "pk": 10035,
  "fields": {
    "name": "HPUX",
    "type": 10031,
    "version": "11.11"
  }
},
{
  "model": "cmdb.basesoft",
  "pk": 10036,
  "fields": {
    "name": "RHEL",
    "type": 10031,
    "version": "7.0"
  }
},
{
  "model": "cmdb.basesoft",
  "pk": 10037,
  "fields": {
    "name": "RHEL",
    "type": 10031,
    "version": "6.5"
  }
},
{
  "model": "cmdb.basesoft",
  "pk": 10038,
  "fields": {
    "name": "RHEL",
    "type": 10031,
    "version": "6.4"
  }
},
{
  "model": "cmdb.basesoft",
  "pk": 10039,
  "fields": {
    "name": "Solaris",
    "type": 10031,
    "version": "10.9"
  }
},
{
  "model": "cmdb.basesoft",
  "pk": 10041,
  "fields": {
    "name": "AIX",
    "type": 10041,
    "version": "7.1"
  }
},
{
  "model": "cmdb.basesoft",
  "pk": 10042,
  "fields": {
    "name": "AIX",
    "type": 10041,
    "version": "6.1"
  }
},
{
  "model": "cmdb.basesoft",
  "pk": 10043,
  "fields": {
    "name": "AIX",
    "type": 10041,
    "version": "5.3"
  }
},
{
  "model": "cmdb.basesoft",
  "pk": 10044,
  "fields": {
    "name": "HPUX",
    "type": 10041,
    "version": "11.23"
  }
},
{
  "model": "cmdb.basesoft",
  "pk": 10045,
  "fields": {
    "name": "HPUX",
    "type": 10041,
    "version": "11.11"
  }
},
{
  "model": "cmdb.basesoft",
  "pk": 10046,
  "fields": {
    "name": "RHEL",
    "type": 10041,
    "version": "7.0"
  }
},
{
  "model": "cmdb.basesoft",
  "pk": 10047,
  "fields": {
    "name": "RHEL",
    "type": 10041,
    "version": "6.5"
  }
},
{
  "model": "cmdb.basesoft",
  "pk": 10048,
  "fields": {
    "name": "RHEL",
    "type": 10041,
    "version": "6.4"
  }
},
{
  "model": "cmdb.basesoft",
  "pk": 10049,
  "fields": {
    "name": "Solaris",
    "type": 10041,
    "version": "10.9"
  }
},
{
  "model": "cmdb.basesoft",
  "pk": 10051,
  "fields": {
    "name": "AIX",
    "type": 10051,
    "version": "7.1"
  }
},
{
  "model": "cmdb.basesoft",
  "pk": 10052,
  "fields": {
    "name": "AIX",
    "type": 10051,
    "version": "6.1"
  }
},
{
  "model": "cmdb.basesoft",
  "pk": 10053,
  "fields": {
    "name": "AIX",
    "type": 10051,
    "version": "5.3"
  }
},
{
  "model": "cmdb.basesoft",
  "pk": 10054,
  "fields": {
    "name": "HPUX",
    "type": 10051,
    "version": "11.23"
  }
},
{
  "model": "cmdb.basesoft",
  "pk": 10055,
  "fields": {
    "name": "HPUX",
    "type": 10051,
    "version": "11.11"
  }
},
{
  "model": "cmdb.basesoft",
  "pk": 10056,
  "fields": {
    "name": "RHEL",
    "type": 10051,
    "version": "7.0"
  }
},
{
  "model": "cmdb.basesoft",
  "pk": 10057,
  "fields": {
    "name": "RHEL",
    "type": 10051,
    "version": "6.5"
  }
},
{
  "model": "cmdb.basesoft",
  "pk": 10058,
  "fields": {
    "name": "RHEL",
    "type": 10051,
    "version": "6.4"
  }
},
{
  "model": "cmdb.basesoft",
  "pk": 10059,
  "fields": {
    "name": "Solaris",
    "type": 10051,
    "version": "10.9"
  }
},
{
  "model": "cmdb.basesoft",
  "pk": 10061,
  "fields": {
    "name": "AIX",
    "type": 10061,
    "version": "7.1"
  }
},
{
  "model": "cmdb.basesoft",
  "pk": 10062,
  "fields": {
    "name": "AIX",
    "type": 10061,
    "version": "6.1"
  }
},
{
  "model": "cmdb.basesoft",
  "pk": 10063,
  "fields": {
    "name": "AIX",
    "type": 10061,
    "version": "5.3"
  }
},
{
  "model": "cmdb.basesoft",
  "pk": 10064,
  "fields": {
    "name": "HPUX",
    "type": 10061,
    "version": "11.23"
  }
},
{
  "model": "cmdb.basesoft",
  "pk": 10065,
  "fields": {
    "name": "HPUX",
    "type": 10061,
    "version": "11.11"
  }
},
{
  "model": "cmdb.basesoft",
  "pk": 10066,
  "fields": {
    "name": "RHEL",
    "type": 10061,
    "version": "7.0"
  }
},
{
  "model": "cmdb.basesoft",
  "pk": 10067,
  "fields": {
    "name": "RHEL",
    "type": 10061,
    "version": "6.5"
  }
},
{
  "model": "cmdb.basesoft",
  "pk": 10068,
  "fields": {
    "name": "RHEL",
    "type": 10061,
    "version": "6.4"
  }
},
{
  "model": "cmdb.basesoft",
  "pk": 10069,
  "fields": {
    "name": "Solaris",
    "type": 10061,
    "version": "10.9"
  }
},
{
  "model": "cmdb.basesoft",
  "pk": 10071,
  "fields": {
    "name": "AIX",
    "type": 10071,
    "version": "7.1"
  }
},
{
  "model": "cmdb.basesoft",
  "pk": 10072,
  "fields": {
    "name": "AIX",
    "type": 10071,
    "version": "6.1"
  }
},
{
  "model": "cmdb.basesoft",
  "pk": 10073,
  "fields": {
    "name": "AIX",
    "type": 10071,
    "version": "5.3"
  }
},
{
  "model": "cmdb.basesoft",
  "pk": 10074,
  "fields": {
    "name": "HPUX",
    "type": 10071,
    "version": "11.23"
  }
},
{
  "model": "cmdb.basesoft",
  "pk": 10075,
  "fields": {
    "name": "HPUX",
    "type": 10071,
    "version": "11.11"
  }
},
{
  "model": "cmdb.basesoft",
  "pk": 10076,
  "fields": {
    "name": "RHEL",
    "type": 10071,
    "version": "7.0"
  }
},
{
  "model": "cmdb.basesoft",
  "pk": 10077,
  "fields": {
    "name": "RHEL",
    "type": 10071,
    "version": "6.5"
  }
},
{
  "model": "cmdb.basesoft",
  "pk": 10078,
  "fields": {
    "name": "RHEL",
    "type": 10071,
    "version": "6.4"
  }
},
{
  "model": "cmdb.basesoft",
  "pk": 10079,
  "fields": {
    "name": "Solaris",
    "type": 10071,
    "version": "10.9"
  }
},
{
  "model": "cmdb.basesoft",
  "pk": 10081,
  "fields": {
    "name": "AIX",
    "type": 10081,
    "version": "7.1"
  }
},
{
  "model": "cmdb.basesoft",
  "pk": 10082,
  "fields": {
    "name": "AIX",
    "type": 10081,
    "version": "6.1"
  }
},
{
  "model": "cmdb.basesoft",
  "pk": 10083,
  "fields": {
    "name": "AIX",
    "type": 10081,
    "version": "5.3"
  }
},
{
  "model": "cmdb.basesoft",
  "pk": 10084,
  "fields": {
    "name": "HPUX",
    "type": 10081,
    "version": "11.23"
  }
},
{
  "model": "cmdb.basesoft",
  "pk": 10085,
  "fields": {
    "name": "HPUX",
    "type": 10081,
    "version": "11.11"
  }
},
{
  "model": "cmdb.basesoft",
  "pk": 10086,
  "fields": {
    "name": "RHEL",
    "type": 10081,
    "version": "7.0"
  }
},
{
  "model": "cmdb.basesoft",
  "pk": 10087,
  "fields": {
    "name": "RHEL",
    "type": 10081,
    "version": "6.5"
  }
},
{
  "model": "cmdb.basesoft",
  "pk": 10088,
  "fields": {
    "name": "RHEL",
    "type": 10081,
    "version": "6.4"
  }
},
{
  "model": "cmdb.basesoft",
  "pk": 10089,
  "fields": {
    "name": "Solaris",
    "type": 10081,
    "version": "10.9"
  }
},
{
  "model": "cmdb.basesoft",
  "pk": 100110,
  "fields": {
    "name": "weblogic",
    "type": 10013,
    "version": "10.3.5"
  }
},
{
  "model": "cmdb.basesoft",
  "pk": 100111,
  "fields": {
    "name": "CentOS",
    "type": 10011,
    "version": "7.0"
  }
},
{
  "model": "cmdb.basesoft",
  "pk": 100112,
  "fields": {
    "name": "SUSE",
    "type": 10011,
    "version": "11 SP3"
  }
},
{
  "model": "cmdb.basesoft",
  "pk": 100113,
  "fields": {
    "name": "ORACLE",
    "type": 10012,
    "version": "10.2.0.4"
  }
},
{
  "model": "cmdb.basesoft",
  "pk": 100114,
  "fields": {
    "name": "SUSE",
    "type": 10011,
    "version": "11 sp3"
  }
},
{
  "model": "cmdb.basesoft",
  "pk": 100115,
  "fields": {
    "name": "linux",
    "type": 10011,
    "version": ""
  }
},
{
  "model": "cmdb.basesoft",
  "pk": 100116,
  "fields": {
    "name": "WIN 2008 R2",
    "type": 10011,
    "version": "WIN 2008 R2"
  }
},
{
  "model": "cmdb.basesoft",
  "pk": 100117,
  "fields": {
    "name": "WAS",
    "type": 10013,
    "version": "7.0.0.25"
  }
},
{
  "model": "cmdb.basesoft",
  "pk": 100118,
  "fields": {
    "name": "AIX 6108-02-1316",
    "type": 10011,
    "version": "AIX 6108-02-1316"
  }
},
{
  "model": "cmdb.basesoft",
  "pk": 100119,
  "fields": {
    "name": "Solaris 10 update 9",
    "type": 10011,
    "version": "Solaris 10 update 9"
  }
},
{
  "model": "cmdb.basesoft",
  "pk": 100121,
  "fields": {
    "name": "WAS ND 7.1",
    "type": 10013,
    "version": ""
  }
},
{
  "model": "cmdb.basesoft",
  "pk": 100122,
  "fields": {
    "name": "IHS 7",
    "type": 10013,
    "version": ""
  }
},
{
  "model": "cmdb.basesoft",
  "pk": 100123,
  "fields": {
    "name": "WEBLOGIC",
    "type": 10013,
    "version": "10.3.5"
  }
},
{
  "model": "cmdb.basesoft",
  "pk": 100124,
  "fields": {
    "name": "JDK 1.6",
    "type": 10013,
    "version": "JDK 1.6"
  }
},
{
  "model": "cmdb.basesoft",
  "pk": 100125,
  "fields": {
    "name": "WAS 7.0.0.25",
    "type": 10013,
    "version": "WAS 7.0.0.25"
  }
},
{
  "model": "cmdb.basesoft",
  "pk": 100126,
  "fields": {
    "name": "TOMCAT 6.0",
    "type": 10013,
    "version": "TOMCAT 6.0"
  }
},
{
  "model": "cmdb.basesoft",
  "pk": 100131,
  "fields": {
    "name": "DB2",
    "type": 10012,
    "version": "10.1.0.3"
  }
},
{
  "model": "cmdb.basesoft",
  "pk": 100132,
  "fields": {
    "name": "AIX",
    "type": 10011,
    "version": "6108-05-1415"
  }
},
{
  "model": "cmdb.basesoft",
  "pk": 100210,
  "fields": {
    "name": "Solaris",
    "type": 10021,
    "version": "10.9"
  }
},
{
  "model": "cmdb.basesoft",
  "pk": 100211,
  "fields": {
    "name": "CentOS",
    "type": 10021,
    "version": "7.0"
  }
},
{
  "model": "cmdb.basesoft",
  "pk": 100212,
  "fields": {
    "name": "SUSE",
    "type": 10021,
    "version": "11 SP3"
  }
},
{
  "model": "cmdb.basesoft",
  "pk": 100213,
  "fields": {
    "name": "ORACLE",
    "type": 10022,
    "version": "10.2.0.4"
  }
},
{
  "model": "cmdb.basesoft",
  "pk": 100214,
  "fields": {
    "name": "ORACLE",
    "type": 10022,
    "version": "11.2.0.1"
  }
},
{
  "model": "cmdb.basesoft",
  "pk": 100215,
  "fields": {
    "name": "ORACLE",
    "type": 10022,
    "version": "12.1.0.3"
  }
},
{
  "model": "cmdb.basesoft",
  "pk": 100216,
  "fields": {
    "name": "WAS",
    "type": 10023,
    "version": "ND 7.1"
  }
},
{
  "model": "cmdb.basesoft",
  "pk": 100217,
  "fields": {
    "name": "WAS",
    "type": 10023,
    "version": "7.0.0.25"
  }
},
{
  "model": "cmdb.basesoft",
  "pk": 100218,
  "fields": {
    "name": "IHS",
    "type": 10023,
    "version": "7"
  }
},
{
  "model": "cmdb.basesoft",
  "pk": 100310,
  "fields": {
    "name": "Solaris",
    "type": 10031,
    "version": "10.9"
  }
},
{
  "model": "cmdb.basesoft",
  "pk": 100311,
  "fields": {
    "name": "CentOS",
    "type": 10031,
    "version": "7.0"
  }
},
{
  "model": "cmdb.basesoft",
  "pk": 100312,
  "fields": {
    "name": "SUSE",
    "type": 10031,
    "version": "11 SP3"
  }
},
{
  "model": "cmdb.basesoft",
  "pk": 100313,
  "fields": {
    "name": "ORACLE",
    "type": 10032,
    "version": "10.2.0.4"
  }
},
{
  "model": "cmdb.basesoft",
  "pk": 100314,
  "fields": {
    "name": "ORACLE",
    "type": 10032,
    "version": "11.2.0.1"
  }
},
{
  "model": "cmdb.basesoft",
  "pk": 100315,
  "fields": {
    "name": "ORACLE",
    "type": 10032,
    "version": "12.1.0.3"
  }
},
{
  "model": "cmdb.basesoft",
  "pk": 100316,
  "fields": {
    "name": "WAS",
    "type": 10033,
    "version": "ND 7.1"
  }
},
{
  "model": "cmdb.basesoft",
  "pk": 100317,
  "fields": {
    "name": "WAS",
    "type": 10033,
    "version": "7.0.0.25"
  }
},
{
  "model": "cmdb.basesoft",
  "pk": 100318,
  "fields": {
    "name": "IHS",
    "type": 10033,
    "version": "7"
  }
},
{
  "model": "cmdb.basesoft",
  "pk": 100410,
  "fields": {
    "name": "Solaris",
    "type": 10041,
    "version": "10.9"
  }
},
{
  "model": "cmdb.basesoft",
  "pk": 100411,
  "fields": {
    "name": "CentOS",
    "type": 10041,
    "version": "7.0"
  }
},
{
  "model": "cmdb.basesoft",
  "pk": 100412,
  "fields": {
    "name": "SUSE",
    "type": 10041,
    "version": "11 SP3"
  }
},
{
  "model": "cmdb.basesoft",
  "pk": 100413,
  "fields": {
    "name": "ORACLE",
    "type": 10042,
    "version": "10.2.0.4"
  }
},
{
  "model": "cmdb.basesoft",
  "pk": 100414,
  "fields": {
    "name": "ORACLE",
    "type": 10042,
    "version": "11.2.0.1"
  }
},
{
  "model": "cmdb.basesoft",
  "pk": 100415,
  "fields": {
    "name": "ORACLE",
    "type": 10042,
    "version": "12.1.0.3"
  }
},
{
  "model": "cmdb.basesoft",
  "pk": 100416,
  "fields": {
    "name": "WAS",
    "type": 10043,
    "version": "ND 7.1"
  }
},
{
  "model": "cmdb.basesoft",
  "pk": 100417,
  "fields": {
    "name": "WAS",
    "type": 10043,
    "version": "7.0.0.25"
  }
},
{
  "model": "cmdb.basesoft",
  "pk": 100418,
  "fields": {
    "name": "IHS",
    "type": 10043,
    "version": "7"
  }
},
{
  "model": "cmdb.basesoft",
  "pk": 100510,
  "fields": {
    "name": "Solaris",
    "type": 10051,
    "version": "10.9"
  }
},
{
  "model": "cmdb.basesoft",
  "pk": 100511,
  "fields": {
    "name": "CentOS",
    "type": 10051,
    "version": "7.0"
  }
},
{
  "model": "cmdb.basesoft",
  "pk": 100610,
  "fields": {
    "name": "Solaris",
    "type": 10061,
    "version": "10.9"
  }
},
{
  "model": "cmdb.basesoft",
  "pk": 100611,
  "fields": {
    "name": "CentOS",
    "type": 10061,
    "version": "7.0"
  }
},
{
  "model": "cmdb.basesoft",
  "pk": 100612,
  "fields": {
    "name": "SUSE",
    "type": 10061,
    "version": "11 SP3"
  }
},
{
  "model": "cmdb.basesoft",
  "pk": 100613,
  "fields": {
    "name": "ORACLE",
    "type": 10062,
    "version": "10.2.0.4"
  }
},
{
  "model": "cmdb.basesoft",
  "pk": 100614,
  "fields": {
    "name": "ORACLE",
    "type": 10062,
    "version": "11.2.0.1"
  }
},
{
  "model": "cmdb.basesoft",
  "pk": 100615,
  "fields": {
    "name": "ORACLE",
    "type": 10062,
    "version": "12.1.0.3"
  }
},
{
  "model": "cmdb.basesoft",
  "pk": 100616,
  "fields": {
    "name": "WAS",
    "type": 10063,
    "version": "ND 7.1"
  }
},
{
  "model": "cmdb.basesoft",
  "pk": 100617,
  "fields": {
    "name": "WAS",
    "type": 10063,
    "version": "7.0.0.25"
  }
},
{
  "model": "cmdb.basesoft",
  "pk": 100618,
  "fields": {
    "name": "IHS",
    "type": 10063,
    "version": "7"
  }
},
{
  "model": "cmdb.basesoft",
  "pk": 100619,
  "fields": {
    "name": "EMS",
    "type": 10063,
    "version": "4.4.3"
  }
},
{
  "model": "cmdb.basesoft",
  "pk": 100710,
  "fields": {
    "name": "Solaris",
    "type": 10071,
    "version": "10.9"
  }
},
{
  "model": "cmdb.basesoft",
  "pk": 100711,
  "fields": {
    "name": "CentOS",
    "type": 10071,
    "version": "7.0"
  }
},
{
  "model": "cmdb.basesoft",
  "pk": 100712,
  "fields": {
    "name": "SUSE",
    "type": 10071,
    "version": "11 SP3"
  }
},
{
  "model": "cmdb.basesoft",
  "pk": 100713,
  "fields": {
    "name": "ORACLE",
    "type": 10072,
    "version": "10.2.0.4"
  }
},
{
  "model": "cmdb.basesoft",
  "pk": 100714,
  "fields": {
    "name": "ORACLE",
    "type": 10072,
    "version": "11.2.0.1"
  }
},
{
  "model": "cmdb.basesoft",
  "pk": 100715,
  "fields": {
    "name": "ORACLE",
    "type": 10072,
    "version": "12.1.0.3"
  }
},
{
  "model": "cmdb.basesoft",
  "pk": 100716,
  "fields": {
    "name": "WAS",
    "type": 10073,
    "version": "ND 7.1"
  }
},
{
  "model": "cmdb.basesoft",
  "pk": 100717,
  "fields": {
    "name": "WAS",
    "type": 10073,
    "version": "7.0.0.25"
  }
},
{
  "model": "cmdb.basesoft",
  "pk": 100718,
  "fields": {
    "name": "IHS",
    "type": 10073,
    "version": "7"
  }
},
{
  "model": "cmdb.basesoft",
  "pk": 100810,
  "fields": {
    "name": "Solaris",
    "type": 10081,
    "version": "10.9"
  }
},
{
  "model": "cmdb.basesoft",
  "pk": 100811,
  "fields": {
    "name": "CentOS",
    "type": 10081,
    "version": "7.0"
  }
},
{
  "model": "cmdb.basesoft",
  "pk": 100812,
  "fields": {
    "name": "SUSE",
    "type": 10081,
    "version": "11 SP3"
  }
},
{
  "model": "cmdb.basesoft",
  "pk": 100813,
  "fields": {
    "name": "ORACLE",
    "type": 10082,
    "version": "10.2.0.4"
  }
},
{
  "model": "cmdb.basesoft",
  "pk": 100814,
  "fields": {
    "name": "ORACLE",
    "type": 10082,
    "version": "11.2.0.1"
  }
},
{
  "model": "cmdb.basesoft",
  "pk": 100815,
  "fields": {
    "name": "ORACLE",
    "type": 10082,
    "version": "12.1.0.3"
  }
},
{
  "model": "cmdb.basesoft",
  "pk": 100816,
  "fields": {
    "name": "WAS",
    "type": 10083,
    "version": "ND 7.1"
  }
},
{
  "model": "cmdb.basesoft",
  "pk": 100817,
  "fields": {
    "name": "WAS",
    "type": 10083,
    "version": "7.0.0.25"
  }
},
{
  "model": "cmdb.basesoft",
  "pk": 100818,
  "fields": {
    "name": "IHS",
    "type": 10083,
    "version": "7"
  }
},
{
  "model": "cmdb.softlisence",
  "pk": 10017,
  "fields": {
    "soft": 10017,
    "lisence": "8293-1928-3928-49",
    "tradedate": "2016-01-01",
    "expiredate": "2020-01-01",
    "remark": ""
  }
},
{
  "model": "cmdb.baseassettype",
  "pk": 10011,
  "fields": {
    "name": "PC\u670d\u52a1\u5668",
    "flag": 0
  }
},
{
  "model": "cmdb.baseassettype",
  "pk": 10012,
  "fields": {
    "name": "\u865a\u62df\u4e3b\u673a",
    "flag": 1
  }
},
{
  "model": "cmdb.baseassettype",
  "pk": 10013,
  "fields": {
    "name": "\u5b58\u50a8\u8bbe\u5907",
    "flag": 0
  }
},
{
  "model": "cmdb.baseassettype",
  "pk": 10014,
  "fields": {
    "name": "\u7269\u7406\u673a",
    "flag": 0
  }
},
{
  "model": "cmdb.baseassettype",
  "pk": 10015,
  "fields": {
    "name": "\u5c0f\u578b\u673a",
    "flag": 0
  }
},
{
  "model": "cmdb.baseassettype",
  "pk": 10016,
  "fields": {
    "name": "LPAR\u5206\u533a",
    "flag": 1
  }
},
{
  "model": "cmdb.baseassettype",
  "pk": 10017,
  "fields": {
    "name": "LPAR\u5206\u533a",
    "flag": 1
  }
},
{
  "model": "cmdb.baseassettype",
  "pk": 10018,
  "fields": {
    "name": "\u865a\u62df\u4e3b\u673a",
    "flag": 1
  }
},
{
  "model": "cmdb.baseassettype",
  "pk": 10021,
  "fields": {
    "name": "\u5c0f\u578b\u673a",
    "flag": 0
  }
},
{
  "model": "cmdb.baseassettype",
  "pk": 10022,
  "fields": {
    "name": "PC\u670d\u52a1\u5668",
    "flag": 0
  }
},
{
  "model": "cmdb.baseassettype",
  "pk": 10023,
  "fields": {
    "name": "\u5b58\u50a8\u8bbe\u5907",
    "flag": 0
  }
},
{
  "model": "cmdb.baseassettype",
  "pk": 10024,
  "fields": {
    "name": "\u5200\u7bb1\u670d\u52a1\u5668",
    "flag": 0
  }
},
{
  "model": "cmdb.baseassettype",
  "pk": 10025,
  "fields": {
    "name": "\u5200\u7247\u670d\u52a1\u5668",
    "flag": 0
  }
},
{
  "model": "cmdb.baseassettype",
  "pk": 10026,
  "fields": {
    "name": "\u5de5\u63a7\u673a",
    "flag": 0
  }
},
{
  "model": "cmdb.baseassettype",
  "pk": 10027,
  "fields": {
    "name": "LPAR\u5206\u533a",
    "flag": 1
  }
},
{
  "model": "cmdb.baseassettype",
  "pk": 10028,
  "fields": {
    "name": "\u865a\u62df\u4e3b\u673a",
    "flag": 1
  }
},
{
  "model": "cmdb.baseassettype",
  "pk": 10031,
  "fields": {
    "name": "\u5c0f\u578b\u673a",
    "flag": 0
  }
},
{
  "model": "cmdb.baseassettype",
  "pk": 10032,
  "fields": {
    "name": "PC\u670d\u52a1\u5668",
    "flag": 0
  }
},
{
  "model": "cmdb.baseassettype",
  "pk": 10033,
  "fields": {
    "name": "\u5b58\u50a8\u8bbe\u5907",
    "flag": 0
  }
},
{
  "model": "cmdb.baseassettype",
  "pk": 10034,
  "fields": {
    "name": "\u5200\u7bb1\u670d\u52a1\u5668",
    "flag": 0
  }
},
{
  "model": "cmdb.baseassettype",
  "pk": 10035,
  "fields": {
    "name": "\u5200\u7247\u670d\u52a1\u5668",
    "flag": 0
  }
},
{
  "model": "cmdb.baseassettype",
  "pk": 10036,
  "fields": {
    "name": "\u5de5\u63a7\u673a",
    "flag": 0
  }
},
{
  "model": "cmdb.baseassettype",
  "pk": 10037,
  "fields": {
    "name": "LPAR\u5206\u533a",
    "flag": 1
  }
},
{
  "model": "cmdb.baseassettype",
  "pk": 10038,
  "fields": {
    "name": "\u865a\u62df\u4e3b\u673a",
    "flag": 1
  }
},
{
  "model": "cmdb.baseassettype",
  "pk": 10041,
  "fields": {
    "name": "\u5c0f\u578b\u673a",
    "flag": 0
  }
},
{
  "model": "cmdb.baseassettype",
  "pk": 10042,
  "fields": {
    "name": "PC\u670d\u52a1\u5668",
    "flag": 0
  }
},
{
  "model": "cmdb.baseassettype",
  "pk": 10043,
  "fields": {
    "name": "\u5b58\u50a8\u8bbe\u5907",
    "flag": 0
  }
},
{
  "model": "cmdb.baseassettype",
  "pk": 10044,
  "fields": {
    "name": "\u5200\u7bb1\u670d\u52a1\u5668",
    "flag": 0
  }
},
{
  "model": "cmdb.baseassettype",
  "pk": 10045,
  "fields": {
    "name": "\u5200\u7247\u670d\u52a1\u5668",
    "flag": 0
  }
},
{
  "model": "cmdb.baseassettype",
  "pk": 10046,
  "fields": {
    "name": "\u5de5\u63a7\u673a",
    "flag": 0
  }
},
{
  "model": "cmdb.baseassettype",
  "pk": 10047,
  "fields": {
    "name": "LPAR\u5206\u533a",
    "flag": 1
  }
},
{
  "model": "cmdb.baseassettype",
  "pk": 10048,
  "fields": {
    "name": "\u865a\u62df\u4e3b\u673a",
    "flag": 1
  }
},
{
  "model": "cmdb.baseassettype",
  "pk": 10061,
  "fields": {
    "name": "\u5c0f\u578b\u673a",
    "flag": 0
  }
},
{
  "model": "cmdb.baseassettype",
  "pk": 10062,
  "fields": {
    "name": "PC\u670d\u52a1\u5668",
    "flag": 0
  }
},
{
  "model": "cmdb.baseassettype",
  "pk": 10063,
  "fields": {
    "name": "\u5b58\u50a8\u8bbe\u5907",
    "flag": 0
  }
},
{
  "model": "cmdb.baseassettype",
  "pk": 10064,
  "fields": {
    "name": "\u5200\u7bb1\u670d\u52a1\u5668",
    "flag": 0
  }
},
{
  "model": "cmdb.baseassettype",
  "pk": 10065,
  "fields": {
    "name": "\u5200\u7247\u670d\u52a1\u5668",
    "flag": 0
  }
},
{
  "model": "cmdb.baseassettype",
  "pk": 10066,
  "fields": {
    "name": "\u5de5\u63a7\u673a",
    "flag": 0
  }
},
{
  "model": "cmdb.baseassettype",
  "pk": 10067,
  "fields": {
    "name": "LPAR\u5206\u533a",
    "flag": 1
  }
},
{
  "model": "cmdb.baseassettype",
  "pk": 10068,
  "fields": {
    "name": "\u865a\u62df\u4e3b\u673a",
    "flag": 1
  }
},
{
  "model": "cmdb.baseassettype",
  "pk": 10071,
  "fields": {
    "name": "\u5c0f\u578b\u673a",
    "flag": 0
  }
},
{
  "model": "cmdb.baseassettype",
  "pk": 10072,
  "fields": {
    "name": "PC\u670d\u52a1\u5668",
    "flag": 0
  }
},
{
  "model": "cmdb.baseassettype",
  "pk": 10073,
  "fields": {
    "name": "\u5b58\u50a8\u8bbe\u5907",
    "flag": 0
  }
},
{
  "model": "cmdb.baseassettype",
  "pk": 10074,
  "fields": {
    "name": "\u5200\u7bb1\u670d\u52a1\u5668",
    "flag": 0
  }
},
{
  "model": "cmdb.baseassettype",
  "pk": 10075,
  "fields": {
    "name": "\u5200\u7247\u670d\u52a1\u5668",
    "flag": 0
  }
},
{
  "model": "cmdb.baseassettype",
  "pk": 10076,
  "fields": {
    "name": "\u5de5\u63a7\u673a",
    "flag": 0
  }
},
{
  "model": "cmdb.baseassettype",
  "pk": 10077,
  "fields": {
    "name": "LPAR\u5206\u533a",
    "flag": 1
  }
},
{
  "model": "cmdb.baseassettype",
  "pk": 10078,
  "fields": {
    "name": "\u865a\u62df\u4e3b\u673a",
    "flag": 1
  }
},
{
  "model": "cmdb.baseassettype",
  "pk": 10081,
  "fields": {
    "name": "\u5c0f\u578b\u673a",
    "flag": 0
  }
},
{
  "model": "cmdb.baseassettype",
  "pk": 10082,
  "fields": {
    "name": "PC\u670d\u52a1\u5668",
    "flag": 0
  }
},
{
  "model": "cmdb.baseassettype",
  "pk": 10083,
  "fields": {
    "name": "\u5b58\u50a8\u8bbe\u5907",
    "flag": 0
  }
},
{
  "model": "cmdb.baseassettype",
  "pk": 10084,
  "fields": {
    "name": "\u5200\u7bb1\u670d\u52a1\u5668",
    "flag": 0
  }
},
{
  "model": "cmdb.baseassettype",
  "pk": 10085,
  "fields": {
    "name": "\u5200\u7247\u670d\u52a1\u5668",
    "flag": 0
  }
},
{
  "model": "cmdb.baseassettype",
  "pk": 10086,
  "fields": {
    "name": "\u5de5\u63a7\u673a",
    "flag": 0
  }
},
{
  "model": "cmdb.baseassettype",
  "pk": 10087,
  "fields": {
    "name": "LPAR\u5206\u533a",
    "flag": 1
  }
},
{
  "model": "cmdb.baseassettype",
  "pk": 10088,
  "fields": {
    "name": "\u865a\u62df\u4e3b\u673a",
    "flag": 1
  }
},
{
  "model": "cmdb.baseassettype",
  "pk": 100111,
  "fields": {
    "name": "\u5200\u7bb1\u670d\u52a1\u5668",
    "flag": 0
  }
},
{
  "model": "cmdb.baseassettype",
  "pk": 100112,
  "fields": {
    "name": "\u5de5\u63a7\u673a",
    "flag": 0
  }
},
{
  "model": "cmdb.baseassettype",
  "pk": 100117,
  "fields": {
    "name": "\u5200\u7247\u670d\u52a1\u56681",
    "flag": 0
  }
},
{
  "model": "cmdb.baseassetsubtype",
  "pk": 10011,
  "fields": {
    "type": 100112,
    "name": "HMC"
  }
},
{
  "model": "cmdb.baseassetsubtype",
  "pk": 10012,
  "fields": {
    "type": 10011,
    "name": "IBM P750"
  }
},
{
  "model": "cmdb.baseassetsubtype",
  "pk": 10013,
  "fields": {
    "type": 10012,
    "name": "PC\u673a"
  }
},
{
  "model": "cmdb.baseassetsubtype",
  "pk": 10014,
  "fields": {
    "type": 10011,
    "name": "HP\u5c0f\u673a"
  }
},
{
  "model": "cmdb.baseassetsubtype",
  "pk": 10015,
  "fields": {
    "type": 10012,
    "name": "VMWARE\u865a\u62df\u673a"
  }
},
{
  "model": "cmdb.baseassetsubtype",
  "pk": 10016,
  "fields": {
    "type": 10012,
    "name": "\u9752\u4e91\u865a\u62df\u673a"
  }
},
{
  "model": "cmdb.baseassetsubtype",
  "pk": 10017,
  "fields": {
    "type": 10012,
    "name": "OpenStack\u865a\u673a"
  }
},
{
  "model": "cmdb.baseassetsubtype",
  "pk": 10018,
  "fields": {
    "type": 10012,
    "name": "IBM\u5c0f\u673a\u5206\u533a"
  }
},
{
  "model": "cmdb.baseassetsubtype",
  "pk": 10019,
  "fields": {
    "type": 10013,
    "name": "EMC\u5b58\u50a8"
  }
},
{
  "model": "cmdb.baseassetsubtype",
  "pk": 10021,
  "fields": {
    "type": 10021,
    "name": "IBM P780"
  }
},
{
  "model": "cmdb.baseassetsubtype",
  "pk": 10022,
  "fields": {
    "type": 10021,
    "name": "IBM P750"
  }
},
{
  "model": "cmdb.baseassetsubtype",
  "pk": 10023,
  "fields": {
    "type": 10022,
    "name": "PC\u673a"
  }
},
{
  "model": "cmdb.baseassetsubtype",
  "pk": 10024,
  "fields": {
    "type": 10023,
    "name": "EMC\u5b58\u50a8"
  }
},
{
  "model": "cmdb.baseassetsubtype",
  "pk": 10025,
  "fields": {
    "type": 10026,
    "name": "HMC"
  }
},
{
  "model": "cmdb.baseassetsubtype",
  "pk": 10026,
  "fields": {
    "type": 10025,
    "name": "PureFlex"
  }
},
{
  "model": "cmdb.baseassetsubtype",
  "pk": 10031,
  "fields": {
    "type": 10031,
    "name": "IBM P780"
  }
},
{
  "model": "cmdb.baseassetsubtype",
  "pk": 10032,
  "fields": {
    "type": 10031,
    "name": "IBM P750"
  }
},
{
  "model": "cmdb.baseassetsubtype",
  "pk": 10033,
  "fields": {
    "type": 10032,
    "name": "PC\u673a"
  }
},
{
  "model": "cmdb.baseassetsubtype",
  "pk": 10034,
  "fields": {
    "type": 10033,
    "name": "EMC\u5b58\u50a8"
  }
},
{
  "model": "cmdb.baseassetsubtype",
  "pk": 10035,
  "fields": {
    "type": 10036,
    "name": "HMC"
  }
},
{
  "model": "cmdb.baseassetsubtype",
  "pk": 10036,
  "fields": {
    "type": 10035,
    "name": "PureFlex"
  }
},
{
  "model": "cmdb.baseassetsubtype",
  "pk": 10041,
  "fields": {
    "type": 10041,
    "name": "IBM P780"
  }
},
{
  "model": "cmdb.baseassetsubtype",
  "pk": 10042,
  "fields": {
    "type": 10041,
    "name": "IBM P750"
  }
},
{
  "model": "cmdb.baseassetsubtype",
  "pk": 10043,
  "fields": {
    "type": 10042,
    "name": "PC\u673a"
  }
},
{
  "model": "cmdb.baseassetsubtype",
  "pk": 10044,
  "fields": {
    "type": 10043,
    "name": "EMC\u5b58\u50a8"
  }
},
{
  "model": "cmdb.baseassetsubtype",
  "pk": 10045,
  "fields": {
    "type": 10046,
    "name": "HMC"
  }
},
{
  "model": "cmdb.baseassetsubtype",
  "pk": 10046,
  "fields": {
    "type": 10045,
    "name": "PureFlex"
  }
},
{
  "model": "cmdb.baseassetsubtype",
  "pk": 10071,
  "fields": {
    "type": 10071,
    "name": "IBM P780"
  }
},
{
  "model": "cmdb.baseassetsubtype",
  "pk": 10072,
  "fields": {
    "type": 10071,
    "name": "IBM P750"
  }
},
{
  "model": "cmdb.baseassetsubtype",
  "pk": 10073,
  "fields": {
    "type": 10072,
    "name": "PC\u673a"
  }
},
{
  "model": "cmdb.baseassetsubtype",
  "pk": 10074,
  "fields": {
    "type": 10073,
    "name": "EMC\u5b58\u50a8"
  }
},
{
  "model": "cmdb.baseassetsubtype",
  "pk": 10075,
  "fields": {
    "type": 10076,
    "name": "HMC"
  }
},
{
  "model": "cmdb.baseassetsubtype",
  "pk": 10076,
  "fields": {
    "type": 10075,
    "name": "PureFlex"
  }
},
{
  "model": "cmdb.baseassetsubtype",
  "pk": 10081,
  "fields": {
    "type": 10081,
    "name": "IBM P780"
  }
},
{
  "model": "cmdb.baseassetsubtype",
  "pk": 10082,
  "fields": {
    "type": 10081,
    "name": "IBM P750"
  }
},
{
  "model": "cmdb.baseassetsubtype",
  "pk": 10083,
  "fields": {
    "type": 10082,
    "name": "PC\u673a"
  }
},
{
  "model": "cmdb.baseassetsubtype",
  "pk": 10084,
  "fields": {
    "type": 10083,
    "name": "EMC\u5b58\u50a8"
  }
},
{
  "model": "cmdb.baseassetsubtype",
  "pk": 10085,
  "fields": {
    "type": 10086,
    "name": "HMC"
  }
},
{
  "model": "cmdb.baseassetsubtype",
  "pk": 10086,
  "fields": {
    "type": 10085,
    "name": "PureFlex"
  }
},
{
  "model": "cmdb.baseassetsubtype",
  "pk": 100110,
  "fields": {
    "type": 10011,
    "name": "P750"
  }
},
{
  "model": "cmdb.baseassetsubtype",
  "pk": 100111,
  "fields": {
    "type": 10011,
    "name": "P780"
  }
},
{
  "model": "cmdb.baseassetsubtype",
  "pk": 100112,
  "fields": {
    "type": 10011,
    "name": "PC"
  }
},
{
  "model": "cmdb.baseassetsubtype",
  "pk": 100113,
  "fields": {
    "type": 10011,
    "name": "TAPE"
  }
},
{
  "model": "cmdb.baseassetsubtype",
  "pk": 100114,
  "fields": {
    "type": 10011,
    "name": "other"
  }
},
{
  "model": "cmdb.baseassetsubtype",
  "pk": 100130,
  "fields": {
    "type": 100117,
    "name": "pureflex"
  }
},
{
  "model": "cmdb.basefactory",
  "pk": 10011,
  "fields": {
    "name": "IBM",
    "contact": ""
  }
},
{
  "model": "cmdb.basefactory",
  "pk": 10012,
  "fields": {
    "name": "EMC",
    "contact": ""
  }
},
{
  "model": "cmdb.basefactory",
  "pk": 10013,
  "fields": {
    "name": "DELL",
    "contact": ""
  }
},
{
  "model": "cmdb.basefactory",
  "pk": 10014,
  "fields": {
    "name": "\u60e0\u666e",
    "contact": ""
  }
},
{
  "model": "cmdb.basefactory",
  "pk": 10015,
  "fields": {
    "name": "\u8054\u60f3",
    "contact": ""
  }
},
{
  "model": "cmdb.basefactory",
  "pk": 10016,
  "fields": {
    "name": "\u601d\u79d1",
    "contact": ""
  }
},
{
  "model": "cmdb.basefactory",
  "pk": 10017,
  "fields": {
    "name": "F5",
    "contact": ""
  }
},
{
  "model": "cmdb.basefactory",
  "pk": 10018,
  "fields": {
    "name": "H3",
    "contact": ""
  }
},
{
  "model": "cmdb.basefactory",
  "pk": 10021,
  "fields": {
    "name": "IBM",
    "contact": null
  }
},
{
  "model": "cmdb.basefactory",
  "pk": 10022,
  "fields": {
    "name": "\u60e0\u666e(HP)",
    "contact": null
  }
},
{
  "model": "cmdb.basefactory",
  "pk": 10023,
  "fields": {
    "name": "\u6234\u5c14(DELL)",
    "contact": null
  }
},
{
  "model": "cmdb.basefactory",
  "pk": 10024,
  "fields": {
    "name": "\u601d\u79d1(CISCO)",
    "contact": null
  }
},
{
  "model": "cmdb.basefactory",
  "pk": 10025,
  "fields": {
    "name": "\u8054\u60f3(LENOVO)",
    "contact": null
  }
},
{
  "model": "cmdb.basefactory",
  "pk": 10026,
  "fields": {
    "name": "F5",
    "contact": null
  }
},
{
  "model": "cmdb.basefactory",
  "pk": 10027,
  "fields": {
    "name": "\u534e\u4e09(H3)",
    "contact": null
  }
},
{
  "model": "cmdb.basefactory",
  "pk": 10028,
  "fields": {
    "name": "EMC",
    "contact": null
  }
},
{
  "model": "cmdb.basefactory",
  "pk": 10031,
  "fields": {
    "name": "IBM",
    "contact": null
  }
},
{
  "model": "cmdb.basefactory",
  "pk": 10032,
  "fields": {
    "name": "\u60e0\u666e(HP)",
    "contact": null
  }
},
{
  "model": "cmdb.basefactory",
  "pk": 10033,
  "fields": {
    "name": "\u6234\u5c14(DELL)",
    "contact": null
  }
},
{
  "model": "cmdb.basefactory",
  "pk": 10034,
  "fields": {
    "name": "\u601d\u79d1(CISCO)",
    "contact": null
  }
},
{
  "model": "cmdb.basefactory",
  "pk": 10035,
  "fields": {
    "name": "\u8054\u60f3(LENOVO)",
    "contact": null
  }
},
{
  "model": "cmdb.basefactory",
  "pk": 10036,
  "fields": {
    "name": "F5",
    "contact": null
  }
},
{
  "model": "cmdb.basefactory",
  "pk": 10037,
  "fields": {
    "name": "\u534e\u4e09(H3)",
    "contact": null
  }
},
{
  "model": "cmdb.basefactory",
  "pk": 10038,
  "fields": {
    "name": "EMC",
    "contact": null
  }
},
{
  "model": "cmdb.basefactory",
  "pk": 10041,
  "fields": {
    "name": "IBM",
    "contact": null
  }
},
{
  "model": "cmdb.basefactory",
  "pk": 10042,
  "fields": {
    "name": "\u60e0\u666e(HP)",
    "contact": null
  }
},
{
  "model": "cmdb.basefactory",
  "pk": 10043,
  "fields": {
    "name": "\u6234\u5c14(DELL)",
    "contact": null
  }
},
{
  "model": "cmdb.basefactory",
  "pk": 10044,
  "fields": {
    "name": "\u601d\u79d1(CISCO)",
    "contact": null
  }
},
{
  "model": "cmdb.basefactory",
  "pk": 10045,
  "fields": {
    "name": "\u8054\u60f3(LENOVO)",
    "contact": null
  }
},
{
  "model": "cmdb.basefactory",
  "pk": 10046,
  "fields": {
    "name": "F5",
    "contact": null
  }
},
{
  "model": "cmdb.basefactory",
  "pk": 10047,
  "fields": {
    "name": "\u534e\u4e09(H3)",
    "contact": null
  }
},
{
  "model": "cmdb.basefactory",
  "pk": 10048,
  "fields": {
    "name": "EMC",
    "contact": null
  }
},
{
  "model": "cmdb.basefactory",
  "pk": 10061,
  "fields": {
    "name": "IBM",
    "contact": null
  }
},
{
  "model": "cmdb.basefactory",
  "pk": 10062,
  "fields": {
    "name": "\u60e0\u666e(HP)",
    "contact": null
  }
},
{
  "model": "cmdb.basefactory",
  "pk": 10063,
  "fields": {
    "name": "\u6234\u5c14(DELL)",
    "contact": null
  }
},
{
  "model": "cmdb.basefactory",
  "pk": 10064,
  "fields": {
    "name": "\u601d\u79d1(CISCO)",
    "contact": null
  }
},
{
  "model": "cmdb.basefactory",
  "pk": 10065,
  "fields": {
    "name": "\u8054\u60f3(LENOVO)",
    "contact": null
  }
},
{
  "model": "cmdb.basefactory",
  "pk": 10066,
  "fields": {
    "name": "F5",
    "contact": null
  }
},
{
  "model": "cmdb.basefactory",
  "pk": 10067,
  "fields": {
    "name": "\u534e\u4e09(H3)",
    "contact": null
  }
},
{
  "model": "cmdb.basefactory",
  "pk": 10068,
  "fields": {
    "name": "EMC",
    "contact": null
  }
},
{
  "model": "cmdb.basefactory",
  "pk": 10071,
  "fields": {
    "name": "IBM",
    "contact": null
  }
},
{
  "model": "cmdb.basefactory",
  "pk": 10072,
  "fields": {
    "name": "\u60e0\u666e(HP)",
    "contact": null
  }
},
{
  "model": "cmdb.basefactory",
  "pk": 10073,
  "fields": {
    "name": "\u6234\u5c14(DELL)",
    "contact": null
  }
},
{
  "model": "cmdb.basefactory",
  "pk": 10074,
  "fields": {
    "name": "\u601d\u79d1(CISCO)",
    "contact": null
  }
},
{
  "model": "cmdb.basefactory",
  "pk": 10075,
  "fields": {
    "name": "\u8054\u60f3(LENOVO)",
    "contact": null
  }
},
{
  "model": "cmdb.basefactory",
  "pk": 10076,
  "fields": {
    "name": "F5",
    "contact": null
  }
},
{
  "model": "cmdb.basefactory",
  "pk": 10077,
  "fields": {
    "name": "\u534e\u4e09(H3)",
    "contact": null
  }
},
{
  "model": "cmdb.basefactory",
  "pk": 10078,
  "fields": {
    "name": "EMC",
    "contact": null
  }
},
{
  "model": "cmdb.basefactory",
  "pk": 10081,
  "fields": {
    "name": "IBM",
    "contact": null
  }
},
{
  "model": "cmdb.basefactory",
  "pk": 10082,
  "fields": {
    "name": "\u60e0\u666e(HP)",
    "contact": null
  }
},
{
  "model": "cmdb.basefactory",
  "pk": 10083,
  "fields": {
    "name": "\u6234\u5c14(DELL)",
    "contact": null
  }
},
{
  "model": "cmdb.basefactory",
  "pk": 10084,
  "fields": {
    "name": "\u601d\u79d1(CISCO)",
    "contact": null
  }
},
{
  "model": "cmdb.basefactory",
  "pk": 10085,
  "fields": {
    "name": "\u8054\u60f3(LENOVO)",
    "contact": null
  }
},
{
  "model": "cmdb.basefactory",
  "pk": 10086,
  "fields": {
    "name": "F5",
    "contact": null
  }
},
{
  "model": "cmdb.basefactory",
  "pk": 10087,
  "fields": {
    "name": "\u534e\u4e09(H3)",
    "contact": null
  }
},
{
  "model": "cmdb.basefactory",
  "pk": 10088,
  "fields": {
    "name": "EMC",
    "contact": null
  }
},
{
  "model": "cmdb.basedatacenter",
  "pk": 10015,
  "fields": {
    "name": "\u9a6c\u8fde\u9053\u707e\u5907\u6570\u636e\u4e2d\u5fc3"
  }
},
{
  "model": "cmdb.basedatacenter",
  "pk": 10017,
  "fields": {
    "name": "\u4ea6\u5e84\u6570\u636e\u4e2d\u5fc3"
  }
},
{
  "model": "cmdb.basedatacenter",
  "pk": 10018,
  "fields": {
    "name": "\u897f\u7ea2\u95e8\u6570\u636e\u4e2d\u5fc3"
  }
},
{
  "model": "cmdb.basedatacenter",
  "pk": 10021,
  "fields": {
    "name": "\u4e2d\u6c11\u6295\u6570\u636e\u4e2d\u5fc31"
  }
},
{
  "model": "cmdb.basedatacenter",
  "pk": 10041,
  "fields": {
    "name": "\u6570\u5b57\u94f6\u884c\u6570\u636e\u4e2d\u5fc3"
  }
},
{
  "model": "cmdb.basemachineroom",
  "pk": 10016,
  "fields": {
    "center": 10017,
    "name": "\u4e2d\u6c11\u6295",
    "address": "\u5317\u4eac\u5e02\u7ecf\u6d4e\u6280\u672f\u5f00\u53d1\u533a\u4e1c\u73af\u5317\u8def11\u53f7"
  }
},
{
  "model": "cmdb.basemachineroom",
  "pk": 10021,
  "fields": {
    "center": 10021,
    "name": "\u4e2d\u6c11\u6295\u673a\u623f1",
    "address": "\u897f\u7ea2\u95e8xx\u53f7"
  }
},
{
  "model": "cmdb.basemachineroom",
  "pk": 10041,
  "fields": {
    "center": 10041,
    "name": "\u6570\u5b57\u94f6\u884c\u673a\u623f1",
    "address": "AAAA"
  }
},
{
  "model": "cmdb.basemachineroom",
  "pk": 10042,
  "fields": {
    "center": 10041,
    "name": "adfa",
    "address": ""
  }
},
{
  "model": "cmdb.basemachineroom",
  "pk": 100110,
  "fields": {
    "center": 10018,
    "name": "\u5305\u5546\u6570\u636e\u4e2d\u5fc3",
    "address": "\u5317\u4eac\u5e02\u5927\u5174\u533a\u897f\u7ea2\u95e8\u5317\u5174\u8def\u4e1c\u6bb52\u53f7\uff0c\u661f\u5149\u5f71\u89c6\u56ed \u4e16\u7eaa\u4e92\u8054\u661f\u5149\u673a\u623f"
  }
},
{
  "model": "cmdb.basemachineroom",
  "pk": 100111,
  "fields": {
    "center": 10018,
    "name": "\u5305\u5546\u6570\u5b57\u94f6\u884c",
    "address": "\u5317\u4eac\u5e02\u5927\u5174\u533a\u897f\u7ea2\u95e8\u5317\u5174\u8def\u4e1c\u6bb52\u53f7\uff0c\u661f\u5149\u5f71\u89c6\u56ed \u4e16\u7eaa\u4e92\u8054\u661f\u5149\u673a\u623f"
  }
},
{
  "model": "cmdb.basemachineroom",
  "pk": 100112,
  "fields": {
    "center": 10017,
    "name": "\u54c8\u5c14\u6ee8\u6570\u636e\u4e2d\u5fc3",
    "address": "\u5317\u4eac\u5e02\u7ecf\u6d4e\u6280\u672f\u5f00\u53d1\u533a\u4e1c\u73af\u5317\u8def11\u53f7"
  }
},
{
  "model": "cmdb.basemachineroom",
  "pk": 100113,
  "fields": {
    "center": 10017,
    "name": "\u6a21\u578b\u94f6\u884c",
    "address": "\u5317\u4eac\u5e02\u7ecf\u6d4e\u6280\u672f\u5f00\u53d1\u533a\u4e1c\u73af\u5317\u8def11\u53f7"
  }
},
{
  "model": "cmdb.basemachineroom",
  "pk": 100114,
  "fields": {
    "center": 10018,
    "name": "\u5305\u5546\u6d4b\u8bd5\u7f51",
    "address": "\u5317\u4eac\u5e02\u5927\u5174\u533a\u897f\u7ea2\u95e8\u5317\u5174\u8def\u4e1c\u6bb52\u53f7\uff0c\u661f\u5149\u5f71\u89c6\u56ed \u4e16\u7eaa\u4e92\u8054\u661f\u5149\u673a\u623f"
  }
},
{
  "model": "cmdb.basemachineroom",
  "pk": 100116,
  "fields": {
    "center": 10015,
    "name": "\u5305\u5546\u94f6\u884c\u707e\u5907\u6570\u636e\u4e2d\u5fc3",
    "address": "\u9a6c\u8fde\u9053\u5317\u4eac\u901a\u4fe1\u7ba1\u7406\u5c402\u5c42\u673a\u623f"
  }
},
{
  "model": "cmdb.basemachineroom",
  "pk": 100117,
  "fields": {
    "center": 10017,
    "name": "\u6570\u636e\u673a\u623fA",
    "address": ""
  }
},
{
  "model": "cmdb.baseassetcabinet",
  "pk": 10011,
  "fields": {
    "room": 100111,
    "numbers": "1-A01",
    "slotcount": null
  }
},
{
  "model": "cmdb.baseassetcabinet",
  "pk": 10013,
  "fields": {
    "room": 100113,
    "numbers": "1-B01",
    "slotcount": 32
  }
},
{
  "model": "cmdb.baseassetcabinet",
  "pk": 10014,
  "fields": {
    "room": 100113,
    "numbers": "1-B02",
    "slotcount": null
  }
},
{
  "model": "cmdb.baseassetcabinet",
  "pk": 10015,
  "fields": {
    "room": 100113,
    "numbers": "A-20-23",
    "slotcount": 43
  }
},
{
  "model": "cmdb.baseassetcabinet",
  "pk": 10041,
  "fields": {
    "room": 10041,
    "numbers": "A01",
    "slotcount": 32
  }
},
{
  "model": "cmdb.baseassetcabinet",
  "pk": 100119,
  "fields": {
    "room": 100111,
    "numbers": "167",
    "slotcount": null
  }
},
{
  "model": "cmdb.baseassetcabinet",
  "pk": 100120,
  "fields": {
    "room": 100111,
    "numbers": "177",
    "slotcount": null
  }
},
{
  "model": "cmdb.baseassetcabinet",
  "pk": 100122,
  "fields": {
    "room": 100111,
    "numbers": "183",
    "slotcount": null
  }
},
{
  "model": "cmdb.baseassetcabinet",
  "pk": 100123,
  "fields": {
    "room": 100111,
    "numbers": "173",
    "slotcount": null
  }
},
{
  "model": "cmdb.baseassetcabinet",
  "pk": 100124,
  "fields": {
    "room": 100111,
    "numbers": "166",
    "slotcount": 176
  }
},
{
  "model": "cmdb.baseassetcabinet",
  "pk": 100126,
  "fields": {
    "room": 100111,
    "numbers": "185",
    "slotcount": null
  }
},
{
  "model": "cmdb.baseassetcabinet",
  "pk": 100127,
  "fields": {
    "room": 100111,
    "numbers": "175",
    "slotcount": null
  }
},
{
  "model": "cmdb.baseassetcabinet",
  "pk": 100128,
  "fields": {
    "room": 100111,
    "numbers": "168",
    "slotcount": null
  }
},
{
  "model": "cmdb.baseassetcabinet",
  "pk": 100129,
  "fields": {
    "room": 100111,
    "numbers": "178",
    "slotcount": null
  }
},
{
  "model": "cmdb.baseassetcabinet",
  "pk": 100130,
  "fields": {
    "room": 100116,
    "numbers": "H02",
    "slotcount": 42
  }
},
{
  "model": "cmdb.baseassetcabinet",
  "pk": 100131,
  "fields": {
    "room": 100111,
    "numbers": "J10",
    "slotcount": null
  }
},
{
  "model": "cmdb.baseassetcabinet",
  "pk": 100132,
  "fields": {
    "room": 100111,
    "numbers": "L1",
    "slotcount": null
  }
},
{
  "model": "cmdb.baseassetcabinet",
  "pk": 100134,
  "fields": {
    "room": 100111,
    "numbers": "N1",
    "slotcount": null
  }
},
{
  "model": "cmdb.baseassetcabinet",
  "pk": 100135,
  "fields": {
    "room": 100111,
    "numbers": "Q9",
    "slotcount": null
  }
},
{
  "model": "cmdb.baseassetcabinet",
  "pk": 100136,
  "fields": {
    "room": 100111,
    "numbers": "L7",
    "slotcount": null
  }
},
{
  "model": "cmdb.baseassetcabinet",
  "pk": 100139,
  "fields": {
    "room": 100113,
    "numbers": "1-C02",
    "slotcount": 24
  }
},
{
  "model": "cmdb.basenetarea",
  "pk": 10011,
  "fields": {
    "name": "\u751f\u4ea7\u540e\u53f0"
  }
},
{
  "model": "cmdb.basenetarea",
  "pk": 10012,
  "fields": {
    "name": "\u529e\u516c\u540e\u53f0"
  }
},
{
  "model": "cmdb.basenetarea",
  "pk": 10013,
  "fields": {
    "name": "\u7535\u8bdd\u94f6\u884c"
  }
},
{
  "model": "cmdb.basenetarea",
  "pk": 10014,
  "fields": {
    "name": "\u7ba1\u7406\u533a"
  }
},
{
  "model": "cmdb.basenetarea",
  "pk": 10015,
  "fields": {
    "name": "\u4e92\u8054\u7f51\u9694\u79bb\u533a"
  }
},
{
  "model": "cmdb.basenetarea",
  "pk": 10016,
  "fields": {
    "name": "\u5916\u8054\u9694\u79bb"
  }
},
{
  "model": "cmdb.basenetarea",
  "pk": 10017,
  "fields": {
    "name": "\u4e92\u8054\u7f51\u540e\u53f0"
  }
},
{
  "model": "cmdb.basenetarea",
  "pk": 10018,
  "fields": {
    "name": "\u5916\u8054\u9694\u79bb"
  }
},
{
  "model": "cmdb.basenetarea",
  "pk": 10021,
  "fields": {
    "name": "\u751f\u4ea7\u540e\u53f0"
  }
},
{
  "model": "cmdb.basenetarea",
  "pk": 10022,
  "fields": {
    "name": "\u529e\u516c\u540e\u53f0"
  }
},
{
  "model": "cmdb.basenetarea",
  "pk": 10023,
  "fields": {
    "name": "\u4e92\u8054\u7f51\u9694\u79bb\u533a"
  }
},
{
  "model": "cmdb.basenetarea",
  "pk": 10024,
  "fields": {
    "name": "\u7ba1\u7406\u533a"
  }
},
{
  "model": "cmdb.basenetarea",
  "pk": 10025,
  "fields": {
    "name": "\u4e92\u8054\u7f51\u540e\u53f0"
  }
},
{
  "model": "cmdb.basenetarea",
  "pk": 10026,
  "fields": {
    "name": "\u5916\u8054\u9694\u79bb"
  }
},
{
  "model": "cmdb.basenetarea",
  "pk": 10027,
  "fields": {
    "name": "\u7535\u8bdd\u94f6\u884c"
  }
},
{
  "model": "cmdb.basenetarea",
  "pk": 10031,
  "fields": {
    "name": "\u751f\u4ea7\u540e\u53f0"
  }
},
{
  "model": "cmdb.basenetarea",
  "pk": 10032,
  "fields": {
    "name": "\u529e\u516c\u540e\u53f0"
  }
},
{
  "model": "cmdb.basenetarea",
  "pk": 10033,
  "fields": {
    "name": "\u4e92\u8054\u7f51\u9694\u79bb\u533a"
  }
},
{
  "model": "cmdb.basenetarea",
  "pk": 10034,
  "fields": {
    "name": "\u7ba1\u7406\u533a"
  }
},
{
  "model": "cmdb.basenetarea",
  "pk": 10035,
  "fields": {
    "name": "\u4e92\u8054\u7f51\u540e\u53f0"
  }
},
{
  "model": "cmdb.basenetarea",
  "pk": 10036,
  "fields": {
    "name": "\u5916\u8054\u9694\u79bb"
  }
},
{
  "model": "cmdb.basenetarea",
  "pk": 10037,
  "fields": {
    "name": "\u7535\u8bdd\u94f6\u884c"
  }
},
{
  "model": "cmdb.basenetarea",
  "pk": 10041,
  "fields": {
    "name": "\u751f\u4ea7\u540e\u53f0"
  }
},
{
  "model": "cmdb.basenetarea",
  "pk": 10042,
  "fields": {
    "name": "\u529e\u516c\u540e\u53f0"
  }
},
{
  "model": "cmdb.basenetarea",
  "pk": 10043,
  "fields": {
    "name": "\u4e92\u8054\u7f51\u9694\u79bb\u533a"
  }
},
{
  "model": "cmdb.basenetarea",
  "pk": 10044,
  "fields": {
    "name": "\u7ba1\u7406\u533a"
  }
},
{
  "model": "cmdb.basenetarea",
  "pk": 10045,
  "fields": {
    "name": "\u4e92\u8054\u7f51\u540e\u53f0"
  }
},
{
  "model": "cmdb.basenetarea",
  "pk": 10046,
  "fields": {
    "name": "\u5916\u8054\u9694\u79bb"
  }
},
{
  "model": "cmdb.basenetarea",
  "pk": 10047,
  "fields": {
    "name": "\u7535\u8bdd\u94f6\u884c"
  }
},
{
  "model": "cmdb.basenetarea",
  "pk": 10061,
  "fields": {
    "name": "\u751f\u4ea7\u540e\u53f0"
  }
},
{
  "model": "cmdb.basenetarea",
  "pk": 10062,
  "fields": {
    "name": "\u529e\u516c\u540e\u53f0"
  }
},
{
  "model": "cmdb.basenetarea",
  "pk": 10063,
  "fields": {
    "name": "\u4e92\u8054\u7f51\u9694\u79bb\u533a"
  }
},
{
  "model": "cmdb.basenetarea",
  "pk": 10064,
  "fields": {
    "name": "\u7ba1\u7406\u533a"
  }
},
{
  "model": "cmdb.basenetarea",
  "pk": 10065,
  "fields": {
    "name": "\u4e92\u8054\u7f51\u540e\u53f0"
  }
},
{
  "model": "cmdb.basenetarea",
  "pk": 10066,
  "fields": {
    "name": "\u5916\u8054\u9694\u79bb"
  }
},
{
  "model": "cmdb.basenetarea",
  "pk": 10067,
  "fields": {
    "name": "\u7535\u8bdd\u94f6\u884c"
  }
},
{
  "model": "cmdb.basenetarea",
  "pk": 10071,
  "fields": {
    "name": "\u751f\u4ea7\u540e\u53f0"
  }
},
{
  "model": "cmdb.basenetarea",
  "pk": 10072,
  "fields": {
    "name": "\u529e\u516c\u540e\u53f0"
  }
},
{
  "model": "cmdb.basenetarea",
  "pk": 10073,
  "fields": {
    "name": "\u4e92\u8054\u7f51\u9694\u79bb\u533a"
  }
},
{
  "model": "cmdb.basenetarea",
  "pk": 10074,
  "fields": {
    "name": "\u7ba1\u7406\u533a"
  }
},
{
  "model": "cmdb.basenetarea",
  "pk": 10075,
  "fields": {
    "name": "\u4e92\u8054\u7f51\u540e\u53f0"
  }
},
{
  "model": "cmdb.basenetarea",
  "pk": 10076,
  "fields": {
    "name": "\u5916\u8054\u9694\u79bb"
  }
},
{
  "model": "cmdb.basenetarea",
  "pk": 10077,
  "fields": {
    "name": "\u7535\u8bdd\u94f6\u884c"
  }
},
{
  "model": "cmdb.basenetarea",
  "pk": 10081,
  "fields": {
    "name": "\u751f\u4ea7\u540e\u53f0"
  }
},
{
  "model": "cmdb.basenetarea",
  "pk": 10082,
  "fields": {
    "name": "\u529e\u516c\u540e\u53f0"
  }
},
{
  "model": "cmdb.basenetarea",
  "pk": 10083,
  "fields": {
    "name": "\u4e92\u8054\u7f51\u9694\u79bb\u533a"
  }
},
{
  "model": "cmdb.basenetarea",
  "pk": 10084,
  "fields": {
    "name": "\u7ba1\u7406\u533a"
  }
},
{
  "model": "cmdb.basenetarea",
  "pk": 10085,
  "fields": {
    "name": "\u4e92\u8054\u7f51\u540e\u53f0"
  }
},
{
  "model": "cmdb.basenetarea",
  "pk": 10086,
  "fields": {
    "name": "\u5916\u8054\u9694\u79bb"
  }
},
{
  "model": "cmdb.basenetarea",
  "pk": 10087,
  "fields": {
    "name": "\u7535\u8bdd\u94f6\u884c"
  }
},
{
  "model": "cmdb.baseassetstatus",
  "pk": 10011,
  "fields": {
    "status": "\u9500\u6bc1",
    "flag": 1
  }
},
{
  "model": "cmdb.baseassetstatus",
  "pk": 10012,
  "fields": {
    "status": "\u9500\u6bc1",
    "flag": 1
  }
},
{
  "model": "cmdb.baseassetstatus",
  "pk": 10013,
  "fields": {
    "status": "\u95f2\u7f6e",
    "flag": 0
  }
},
{
  "model": "cmdb.baseassetstatus",
  "pk": 10014,
  "fields": {
    "status": "\u7ef4\u62a4",
    "flag": 0
  }
},
{
  "model": "cmdb.baseassetstatus",
  "pk": 10015,
  "fields": {
    "status": "\u4f7f\u7528",
    "flag": 0
  }
},
{
  "model": "cmdb.baseassetstatus",
  "pk": 10021,
  "fields": {
    "status": "\u9500\u6bc1",
    "flag": 1
  }
},
{
  "model": "cmdb.baseassetstatus",
  "pk": 10022,
  "fields": {
    "status": "\u95f2\u7f6e",
    "flag": 0
  }
},
{
  "model": "cmdb.baseassetstatus",
  "pk": 10023,
  "fields": {
    "status": "\u7ef4\u62a4",
    "flag": 0
  }
},
{
  "model": "cmdb.baseassetstatus",
  "pk": 10024,
  "fields": {
    "status": "\u4f7f\u7528",
    "flag": 0
  }
},
{
  "model": "cmdb.baseassetstatus",
  "pk": 10031,
  "fields": {
    "status": "\u9500\u6bc1",
    "flag": 1
  }
},
{
  "model": "cmdb.baseassetstatus",
  "pk": 10032,
  "fields": {
    "status": "\u95f2\u7f6e",
    "flag": 0
  }
},
{
  "model": "cmdb.baseassetstatus",
  "pk": 10033,
  "fields": {
    "status": "\u7ef4\u62a4",
    "flag": 0
  }
},
{
  "model": "cmdb.baseassetstatus",
  "pk": 10034,
  "fields": {
    "status": "\u4f7f\u7528",
    "flag": 0
  }
},
{
  "model": "cmdb.baseassetstatus",
  "pk": 10041,
  "fields": {
    "status": "\u9500\u6bc1",
    "flag": 1
  }
},
{
  "model": "cmdb.baseassetstatus",
  "pk": 10042,
  "fields": {
    "status": "\u95f2\u7f6e",
    "flag": 0
  }
},
{
  "model": "cmdb.baseassetstatus",
  "pk": 10043,
  "fields": {
    "status": "\u7ef4\u62a4",
    "flag": 0
  }
},
{
  "model": "cmdb.baseassetstatus",
  "pk": 10044,
  "fields": {
    "status": "\u4f7f\u7528",
    "flag": 0
  }
},
{
  "model": "cmdb.baseassetstatus",
  "pk": 10061,
  "fields": {
    "status": "\u9500\u6bc1",
    "flag": 1
  }
},
{
  "model": "cmdb.baseassetstatus",
  "pk": 10062,
  "fields": {
    "status": "\u95f2\u7f6e",
    "flag": 0
  }
},
{
  "model": "cmdb.baseassetstatus",
  "pk": 10063,
  "fields": {
    "status": "\u7ef4\u62a4",
    "flag": 0
  }
},
{
  "model": "cmdb.baseassetstatus",
  "pk": 10064,
  "fields": {
    "status": "\u4f7f\u7528",
    "flag": 0
  }
},
{
  "model": "cmdb.baseassetstatus",
  "pk": 10071,
  "fields": {
    "status": "\u9500\u6bc1",
    "flag": 1
  }
},
{
  "model": "cmdb.baseassetstatus",
  "pk": 10072,
  "fields": {
    "status": "\u95f2\u7f6e",
    "flag": 0
  }
},
{
  "model": "cmdb.baseassetstatus",
  "pk": 10073,
  "fields": {
    "status": "\u7ef4\u62a4",
    "flag": 0
  }
},
{
  "model": "cmdb.baseassetstatus",
  "pk": 10074,
  "fields": {
    "status": "\u4f7f\u7528",
    "flag": 0
  }
},
{
  "model": "cmdb.baseassetstatus",
  "pk": 10081,
  "fields": {
    "status": "\u9500\u6bc1",
    "flag": 1
  }
},
{
  "model": "cmdb.baseassetstatus",
  "pk": 10082,
  "fields": {
    "status": "\u95f2\u7f6e",
    "flag": 0
  }
},
{
  "model": "cmdb.baseassetstatus",
  "pk": 10083,
  "fields": {
    "status": "\u7ef4\u62a4",
    "flag": 0
  }
},
{
  "model": "cmdb.baseassetstatus",
  "pk": 10084,
  "fields": {
    "status": "\u4f7f\u7528",
    "flag": 0
  }
},
{
  "model": "cmdb.baserunningstatus",
  "pk": 10011,
  "fields": {
    "status": "\u4f7f\u7528"
  }
},
{
  "model": "cmdb.baserunningstatus",
  "pk": 10012,
  "fields": {
    "status": "\u5173\u95ed"
  }
},
{
  "model": "cmdb.baserunningstatus",
  "pk": 10013,
  "fields": {
    "status": "\u9500\u6bc1"
  }
},
{
  "model": "cmdb.baserunningstatus",
  "pk": 10014,
  "fields": {
    "status": "\u672a\u4f7f\u7528"
  }
},
{
  "model": "cmdb.baserunningstatus",
  "pk": 10021,
  "fields": {
    "status": "\u4f7f\u7528"
  }
},
{
  "model": "cmdb.baserunningstatus",
  "pk": 10022,
  "fields": {
    "status": "\u5173\u95ed"
  }
},
{
  "model": "cmdb.baserunningstatus",
  "pk": 10023,
  "fields": {
    "status": "\u9500\u6bc1"
  }
},
{
  "model": "cmdb.baserunningstatus",
  "pk": 10024,
  "fields": {
    "status": "\u672a\u4f7f\u7528"
  }
},
{
  "model": "cmdb.baserunningstatus",
  "pk": 10031,
  "fields": {
    "status": "\u4f7f\u7528"
  }
},
{
  "model": "cmdb.baserunningstatus",
  "pk": 10032,
  "fields": {
    "status": "\u5173\u95ed"
  }
},
{
  "model": "cmdb.baserunningstatus",
  "pk": 10033,
  "fields": {
    "status": "\u9500\u6bc1"
  }
},
{
  "model": "cmdb.baserunningstatus",
  "pk": 10034,
  "fields": {
    "status": "\u672a\u4f7f\u7528"
  }
},
{
  "model": "cmdb.baserunningstatus",
  "pk": 10041,
  "fields": {
    "status": "\u4f7f\u7528"
  }
},
{
  "model": "cmdb.baserunningstatus",
  "pk": 10042,
  "fields": {
    "status": "\u5173\u95ed"
  }
},
{
  "model": "cmdb.baserunningstatus",
  "pk": 10043,
  "fields": {
    "status": "\u9500\u6bc1"
  }
},
{
  "model": "cmdb.baserunningstatus",
  "pk": 10044,
  "fields": {
    "status": "\u672a\u4f7f\u7528"
  }
},
{
  "model": "cmdb.baserunningstatus",
  "pk": 10061,
  "fields": {
    "status": "\u4f7f\u7528"
  }
},
{
  "model": "cmdb.baserunningstatus",
  "pk": 10062,
  "fields": {
    "status": "\u5173\u95ed"
  }
},
{
  "model": "cmdb.baserunningstatus",
  "pk": 10063,
  "fields": {
    "status": "\u9500\u6bc1"
  }
},
{
  "model": "cmdb.baserunningstatus",
  "pk": 10064,
  "fields": {
    "status": "\u672a\u4f7f\u7528"
  }
},
{
  "model": "cmdb.baserunningstatus",
  "pk": 10071,
  "fields": {
    "status": "\u4f7f\u7528"
  }
},
{
  "model": "cmdb.baserunningstatus",
  "pk": 10072,
  "fields": {
    "status": "\u5173\u95ed"
  }
},
{
  "model": "cmdb.baserunningstatus",
  "pk": 10073,
  "fields": {
    "status": "\u9500\u6bc1"
  }
},
{
  "model": "cmdb.baserunningstatus",
  "pk": 10074,
  "fields": {
    "status": "\u672a\u4f7f\u7528"
  }
},
{
  "model": "cmdb.baserunningstatus",
  "pk": 10081,
  "fields": {
    "status": "\u4f7f\u7528"
  }
},
{
  "model": "cmdb.baserunningstatus",
  "pk": 10082,
  "fields": {
    "status": "\u5173\u95ed"
  }
},
{
  "model": "cmdb.baserunningstatus",
  "pk": 10083,
  "fields": {
    "status": "\u9500\u6bc1"
  }
},
{
  "model": "cmdb.baserunningstatus",
  "pk": 10084,
  "fields": {
    "status": "\u672a\u4f7f\u7528"
  }
},
{
  "model": "cmdb.basebalancetype",
  "pk": 10011,
  "fields": {
    "typename": "\u8d1f\u8f7d"
  }
},
{
  "model": "cmdb.basebalancetype",
  "pk": 10012,
  "fields": {
    "typename": "NAT"
  }
},
{
  "model": "cmdb.basebalancetype",
  "pk": 10013,
  "fields": {
    "typename": "\u65e0\u8c03\u7528\u5173\u7cfb"
  }
},
{
  "model": "cmdb.basebalancetype",
  "pk": 10014,
  "fields": {
    "typename": "\u4e0d\u8fc7"
  }
},
{
  "model": "cmdb.basebalancetype",
  "pk": 10015,
  "fields": {
    "typename": "\u4f18\u5148\u7ea7"
  }
},
{
  "model": "cmdb.basebalancetype",
  "pk": 10021,
  "fields": {
    "typename": "\u8d1f\u8f7d"
  }
},
{
  "model": "cmdb.basebalancetype",
  "pk": 10022,
  "fields": {
    "typename": "NAT"
  }
},
{
  "model": "cmdb.basebalancetype",
  "pk": 10023,
  "fields": {
    "typename": "\u4f18\u5148\u7ea7"
  }
},
{
  "model": "cmdb.basebalancetype",
  "pk": 10024,
  "fields": {
    "typename": "\u65e0\u8c03\u7528\u5173\u7cfb"
  }
},
{
  "model": "cmdb.basebalancetype",
  "pk": 10025,
  "fields": {
    "typename": "\u4e0d\u8fc7"
  }
},
{
  "model": "cmdb.basebalancetype",
  "pk": 10031,
  "fields": {
    "typename": "\u8d1f\u8f7d"
  }
},
{
  "model": "cmdb.basebalancetype",
  "pk": 10032,
  "fields": {
    "typename": "NAT"
  }
},
{
  "model": "cmdb.basebalancetype",
  "pk": 10033,
  "fields": {
    "typename": "\u4f18\u5148\u7ea7"
  }
},
{
  "model": "cmdb.basebalancetype",
  "pk": 10034,
  "fields": {
    "typename": "\u65e0\u8c03\u7528\u5173\u7cfb"
  }
},
{
  "model": "cmdb.basebalancetype",
  "pk": 10035,
  "fields": {
    "typename": "\u4e0d\u8fc7"
  }
},
{
  "model": "cmdb.basebalancetype",
  "pk": 10041,
  "fields": {
    "typename": "\u8d1f\u8f7d"
  }
},
{
  "model": "cmdb.basebalancetype",
  "pk": 10042,
  "fields": {
    "typename": "NAT"
  }
},
{
  "model": "cmdb.basebalancetype",
  "pk": 10043,
  "fields": {
    "typename": "\u4f18\u5148\u7ea7"
  }
},
{
  "model": "cmdb.basebalancetype",
  "pk": 10044,
  "fields": {
    "typename": "\u65e0\u8c03\u7528\u5173\u7cfb"
  }
},
{
  "model": "cmdb.basebalancetype",
  "pk": 10045,
  "fields": {
    "typename": "\u4e0d\u8fc7"
  }
},
{
  "model": "cmdb.basebalancetype",
  "pk": 10061,
  "fields": {
    "typename": "\u8d1f\u8f7d"
  }
},
{
  "model": "cmdb.basebalancetype",
  "pk": 10062,
  "fields": {
    "typename": "NAT"
  }
},
{
  "model": "cmdb.basebalancetype",
  "pk": 10063,
  "fields": {
    "typename": "\u4f18\u5148\u7ea7"
  }
},
{
  "model": "cmdb.basebalancetype",
  "pk": 10064,
  "fields": {
    "typename": "\u65e0\u8c03\u7528\u5173\u7cfb"
  }
},
{
  "model": "cmdb.basebalancetype",
  "pk": 10065,
  "fields": {
    "typename": "\u4e0d\u8fc7"
  }
},
{
  "model": "cmdb.basebalancetype",
  "pk": 10071,
  "fields": {
    "typename": "\u8d1f\u8f7d"
  }
},
{
  "model": "cmdb.basebalancetype",
  "pk": 10072,
  "fields": {
    "typename": "NAT"
  }
},
{
  "model": "cmdb.basebalancetype",
  "pk": 10073,
  "fields": {
    "typename": "\u4f18\u5148\u7ea7"
  }
},
{
  "model": "cmdb.basebalancetype",
  "pk": 10074,
  "fields": {
    "typename": "\u65e0\u8c03\u7528\u5173\u7cfb"
  }
},
{
  "model": "cmdb.basebalancetype",
  "pk": 10075,
  "fields": {
    "typename": "\u4e0d\u8fc7"
  }
},
{
  "model": "cmdb.basebalancetype",
  "pk": 10081,
  "fields": {
    "typename": "\u8d1f\u8f7d"
  }
},
{
  "model": "cmdb.basebalancetype",
  "pk": 10082,
  "fields": {
    "typename": "NAT"
  }
},
{
  "model": "cmdb.basebalancetype",
  "pk": 10083,
  "fields": {
    "typename": "\u4f18\u5148\u7ea7"
  }
},
{
  "model": "cmdb.basebalancetype",
  "pk": 10084,
  "fields": {
    "typename": "\u65e0\u8c03\u7528\u5173\u7cfb"
  }
},
{
  "model": "cmdb.basebalancetype",
  "pk": 10085,
  "fields": {
    "typename": "\u4e0d\u8fc7"
  }
},
{
  "model": "cmdb.baseraidtype",
  "pk": 10011,
  "fields": {
    "typename": "RAID0"
  }
},
{
  "model": "cmdb.baseraidtype",
  "pk": 10012,
  "fields": {
    "typename": "RAID1"
  }
},
{
  "model": "cmdb.baseraidtype",
  "pk": 10013,
  "fields": {
    "typename": "RAID2"
  }
},
{
  "model": "cmdb.baseraidtype",
  "pk": 10014,
  "fields": {
    "typename": "RAID4"
  }
},
{
  "model": "cmdb.baseraidtype",
  "pk": 10015,
  "fields": {
    "typename": "RAID5"
  }
},
{
  "model": "cmdb.baseraidtype",
  "pk": 10016,
  "fields": {
    "typename": "RAID6"
  }
},
{
  "model": "cmdb.baseraidtype",
  "pk": 10017,
  "fields": {
    "typename": "RAID7"
  }
},
{
  "model": "cmdb.baseraidtype",
  "pk": 10018,
  "fields": {
    "typename": "RAID0+1"
  }
},
{
  "model": "cmdb.baseraidtype",
  "pk": 10019,
  "fields": {
    "typename": "RAID0+1"
  }
},
{
  "model": "cmdb.baseraidtype",
  "pk": 10021,
  "fields": {
    "typename": "RAID0"
  }
},
{
  "model": "cmdb.baseraidtype",
  "pk": 10022,
  "fields": {
    "typename": "RAID1"
  }
},
{
  "model": "cmdb.baseraidtype",
  "pk": 10023,
  "fields": {
    "typename": "RAID2"
  }
},
{
  "model": "cmdb.baseraidtype",
  "pk": 10024,
  "fields": {
    "typename": "RAID3"
  }
},
{
  "model": "cmdb.baseraidtype",
  "pk": 10025,
  "fields": {
    "typename": "RAID4"
  }
},
{
  "model": "cmdb.baseraidtype",
  "pk": 10026,
  "fields": {
    "typename": "RAID5"
  }
},
{
  "model": "cmdb.baseraidtype",
  "pk": 10027,
  "fields": {
    "typename": "RAID6"
  }
},
{
  "model": "cmdb.baseraidtype",
  "pk": 10028,
  "fields": {
    "typename": "RAID7"
  }
},
{
  "model": "cmdb.baseraidtype",
  "pk": 10029,
  "fields": {
    "typename": "RAID0+1"
  }
},
{
  "model": "cmdb.baseraidtype",
  "pk": 10031,
  "fields": {
    "typename": "RAID0"
  }
},
{
  "model": "cmdb.baseraidtype",
  "pk": 10032,
  "fields": {
    "typename": "RAID1"
  }
},
{
  "model": "cmdb.baseraidtype",
  "pk": 10033,
  "fields": {
    "typename": "RAID2"
  }
},
{
  "model": "cmdb.baseraidtype",
  "pk": 10034,
  "fields": {
    "typename": "RAID3"
  }
},
{
  "model": "cmdb.baseraidtype",
  "pk": 10035,
  "fields": {
    "typename": "RAID4"
  }
},
{
  "model": "cmdb.baseraidtype",
  "pk": 10036,
  "fields": {
    "typename": "RAID5"
  }
},
{
  "model": "cmdb.baseraidtype",
  "pk": 10037,
  "fields": {
    "typename": "RAID6"
  }
},
{
  "model": "cmdb.baseraidtype",
  "pk": 10038,
  "fields": {
    "typename": "RAID7"
  }
},
{
  "model": "cmdb.baseraidtype",
  "pk": 10039,
  "fields": {
    "typename": "RAID0+1"
  }
},
{
  "model": "cmdb.baseraidtype",
  "pk": 10041,
  "fields": {
    "typename": "RAID0"
  }
},
{
  "model": "cmdb.baseraidtype",
  "pk": 10042,
  "fields": {
    "typename": "RAID1"
  }
},
{
  "model": "cmdb.baseraidtype",
  "pk": 10043,
  "fields": {
    "typename": "RAID2"
  }
},
{
  "model": "cmdb.baseraidtype",
  "pk": 10044,
  "fields": {
    "typename": "RAID3"
  }
},
{
  "model": "cmdb.baseraidtype",
  "pk": 10045,
  "fields": {
    "typename": "RAID4"
  }
},
{
  "model": "cmdb.baseraidtype",
  "pk": 10046,
  "fields": {
    "typename": "RAID5"
  }
},
{
  "model": "cmdb.baseraidtype",
  "pk": 10047,
  "fields": {
    "typename": "RAID6"
  }
},
{
  "model": "cmdb.baseraidtype",
  "pk": 10048,
  "fields": {
    "typename": "RAID7"
  }
},
{
  "model": "cmdb.baseraidtype",
  "pk": 10049,
  "fields": {
    "typename": "RAID0+1"
  }
},
{
  "model": "cmdb.baseraidtype",
  "pk": 10061,
  "fields": {
    "typename": "RAID0"
  }
},
{
  "model": "cmdb.baseraidtype",
  "pk": 10062,
  "fields": {
    "typename": "RAID1"
  }
},
{
  "model": "cmdb.baseraidtype",
  "pk": 10063,
  "fields": {
    "typename": "RAID2"
  }
},
{
  "model": "cmdb.baseraidtype",
  "pk": 10064,
  "fields": {
    "typename": "RAID3"
  }
},
{
  "model": "cmdb.baseraidtype",
  "pk": 10065,
  "fields": {
    "typename": "RAID4"
  }
},
{
  "model": "cmdb.baseraidtype",
  "pk": 10066,
  "fields": {
    "typename": "RAID5"
  }
},
{
  "model": "cmdb.baseraidtype",
  "pk": 10067,
  "fields": {
    "typename": "RAID6"
  }
},
{
  "model": "cmdb.baseraidtype",
  "pk": 10068,
  "fields": {
    "typename": "RAID7"
  }
},
{
  "model": "cmdb.baseraidtype",
  "pk": 10069,
  "fields": {
    "typename": "RAID0+1"
  }
},
{
  "model": "cmdb.baseraidtype",
  "pk": 10071,
  "fields": {
    "typename": "RAID0"
  }
},
{
  "model": "cmdb.baseraidtype",
  "pk": 10072,
  "fields": {
    "typename": "RAID1"
  }
},
{
  "model": "cmdb.baseraidtype",
  "pk": 10073,
  "fields": {
    "typename": "RAID2"
  }
},
{
  "model": "cmdb.baseraidtype",
  "pk": 10074,
  "fields": {
    "typename": "RAID3"
  }
},
{
  "model": "cmdb.baseraidtype",
  "pk": 10075,
  "fields": {
    "typename": "RAID4"
  }
},
{
  "model": "cmdb.baseraidtype",
  "pk": 10076,
  "fields": {
    "typename": "RAID5"
  }
},
{
  "model": "cmdb.baseraidtype",
  "pk": 10077,
  "fields": {
    "typename": "RAID6"
  }
},
{
  "model": "cmdb.baseraidtype",
  "pk": 10078,
  "fields": {
    "typename": "RAID7"
  }
},
{
  "model": "cmdb.baseraidtype",
  "pk": 10079,
  "fields": {
    "typename": "RAID0+1"
  }
},
{
  "model": "cmdb.baseraidtype",
  "pk": 10081,
  "fields": {
    "typename": "RAID0"
  }
},
{
  "model": "cmdb.baseraidtype",
  "pk": 10082,
  "fields": {
    "typename": "RAID1"
  }
},
{
  "model": "cmdb.baseraidtype",
  "pk": 10083,
  "fields": {
    "typename": "RAID2"
  }
},
{
  "model": "cmdb.baseraidtype",
  "pk": 10084,
  "fields": {
    "typename": "RAID3"
  }
},
{
  "model": "cmdb.baseraidtype",
  "pk": 10085,
  "fields": {
    "typename": "RAID4"
  }
},
{
  "model": "cmdb.baseraidtype",
  "pk": 10086,
  "fields": {
    "typename": "RAID5"
  }
},
{
  "model": "cmdb.baseraidtype",
  "pk": 10087,
  "fields": {
    "typename": "RAID6"
  }
},
{
  "model": "cmdb.baseraidtype",
  "pk": 10088,
  "fields": {
    "typename": "RAID7"
  }
},
{
  "model": "cmdb.baseraidtype",
  "pk": 10089,
  "fields": {
    "typename": "RAID0+1"
  }
},
{
  "model": "cmdb.baseequipmenttype",
  "pk": 10011,
  "fields": {
    "name": "\u4ea4\u6362\u673a"
  }
},
{
  "model": "cmdb.baseequipmenttype",
  "pk": 10012,
  "fields": {
    "name": "\u8def\u7531\u5668"
  }
},
{
  "model": "cmdb.baseequipmenttype",
  "pk": 10013,
  "fields": {
    "name": "\u9632\u706b\u5899"
  }
},
{
  "model": "cmdb.baseequipmenttype",
  "pk": 10014,
  "fields": {
    "name": "\u52a0\u5bc6\u673a"
  }
},
{
  "model": "cmdb.baseequipmenttype",
  "pk": 10015,
  "fields": {
    "name": "\u8d1f\u8f7d\u8bbe\u5907F5"
  }
},
{
  "model": "cmdb.baseequipmenttype",
  "pk": 10016,
  "fields": {
    "name": "\u52a0\u5bc6\u673a"
  }
},
{
  "model": "cmdb.baseequipmenttype",
  "pk": 10021,
  "fields": {
    "name": "\u4ea4\u6362\u673a"
  }
},
{
  "model": "cmdb.baseequipmenttype",
  "pk": 10022,
  "fields": {
    "name": "\u8def\u7531\u5668"
  }
},
{
  "model": "cmdb.baseequipmenttype",
  "pk": 10023,
  "fields": {
    "name": "\u9632\u706b\u5899"
  }
},
{
  "model": "cmdb.baseequipmenttype",
  "pk": 10024,
  "fields": {
    "name": "\u52a0\u5bc6\u673a"
  }
},
{
  "model": "cmdb.baseequipmenttype",
  "pk": 10025,
  "fields": {
    "name": "\u8d1f\u8f7d\u8bbe\u5907"
  }
},
{
  "model": "cmdb.baseequipmenttype",
  "pk": 10031,
  "fields": {
    "name": "\u4ea4\u6362\u673a"
  }
},
{
  "model": "cmdb.baseequipmenttype",
  "pk": 10032,
  "fields": {
    "name": "\u8def\u7531\u5668"
  }
},
{
  "model": "cmdb.baseequipmenttype",
  "pk": 10033,
  "fields": {
    "name": "\u9632\u706b\u5899"
  }
},
{
  "model": "cmdb.baseequipmenttype",
  "pk": 10034,
  "fields": {
    "name": "\u52a0\u5bc6\u673a"
  }
},
{
  "model": "cmdb.baseequipmenttype",
  "pk": 10035,
  "fields": {
    "name": "\u8d1f\u8f7d\u8bbe\u5907"
  }
},
{
  "model": "cmdb.baseequipmenttype",
  "pk": 10041,
  "fields": {
    "name": "\u4ea4\u6362\u673a"
  }
},
{
  "model": "cmdb.baseequipmenttype",
  "pk": 10042,
  "fields": {
    "name": "\u8def\u7531\u5668"
  }
},
{
  "model": "cmdb.baseequipmenttype",
  "pk": 10043,
  "fields": {
    "name": "\u9632\u706b\u5899"
  }
},
{
  "model": "cmdb.baseequipmenttype",
  "pk": 10044,
  "fields": {
    "name": "\u52a0\u5bc6\u673a"
  }
},
{
  "model": "cmdb.baseequipmenttype",
  "pk": 10045,
  "fields": {
    "name": "\u8d1f\u8f7d\u8bbe\u5907"
  }
},
{
  "model": "cmdb.baseequipmenttype",
  "pk": 10061,
  "fields": {
    "name": "\u4ea4\u6362\u673a"
  }
},
{
  "model": "cmdb.baseequipmenttype",
  "pk": 10062,
  "fields": {
    "name": "\u8def\u7531\u5668"
  }
},
{
  "model": "cmdb.baseequipmenttype",
  "pk": 10063,
  "fields": {
    "name": "\u9632\u706b\u5899"
  }
},
{
  "model": "cmdb.baseequipmenttype",
  "pk": 10064,
  "fields": {
    "name": "\u52a0\u5bc6\u673a"
  }
},
{
  "model": "cmdb.baseequipmenttype",
  "pk": 10065,
  "fields": {
    "name": "\u8d1f\u8f7d\u8bbe\u5907"
  }
},
{
  "model": "cmdb.baseequipmenttype",
  "pk": 10071,
  "fields": {
    "name": "\u4ea4\u6362\u673a"
  }
},
{
  "model": "cmdb.baseequipmenttype",
  "pk": 10072,
  "fields": {
    "name": "\u8def\u7531\u5668"
  }
},
{
  "model": "cmdb.baseequipmenttype",
  "pk": 10073,
  "fields": {
    "name": "\u9632\u706b\u5899"
  }
},
{
  "model": "cmdb.baseequipmenttype",
  "pk": 10074,
  "fields": {
    "name": "\u52a0\u5bc6\u673a"
  }
},
{
  "model": "cmdb.baseequipmenttype",
  "pk": 10075,
  "fields": {
    "name": "\u8d1f\u8f7d\u8bbe\u5907"
  }
},
{
  "model": "cmdb.baseequipmenttype",
  "pk": 10081,
  "fields": {
    "name": "\u4ea4\u6362\u673a"
  }
},
{
  "model": "cmdb.baseequipmenttype",
  "pk": 10082,
  "fields": {
    "name": "\u8def\u7531\u5668"
  }
},
{
  "model": "cmdb.baseequipmenttype",
  "pk": 10083,
  "fields": {
    "name": "\u9632\u706b\u5899"
  }
},
{
  "model": "cmdb.baseequipmenttype",
  "pk": 10084,
  "fields": {
    "name": "\u52a0\u5bc6\u673a"
  }
},
{
  "model": "cmdb.baseequipmenttype",
  "pk": 10085,
  "fields": {
    "name": "\u8d1f\u8f7d\u8bbe\u5907"
  }
},
{
  "model": "cmdb.staffs",
  "pk": 10015,
  "fields": {
    "name": "\u90d1\u660e\u6e05",
    "alias": "zhengmingqing",
    "mobile": "",
    "tel": "",
    "company": 10012,
    "email": "",
    "remark": ""
  }
},
{
  "model": "cmdb.staffs",
  "pk": 10016,
  "fields": {
    "name": "\u7a0b\u6d77\u5148",
    "alias": "\u7a0b\u6d77\u5148",
    "mobile": "",
    "tel": "",
    "company": 10012,
    "email": "",
    "remark": ""
  }
},
{
  "model": "cmdb.staffs",
  "pk": 10017,
  "fields": {
    "name": "\u6768\u6587\u4e3e",
    "alias": "\u6768\u6587\u4e3e",
    "mobile": "",
    "tel": "",
    "company": 10012,
    "email": "",
    "remark": ""
  }
},
{
  "model": "cmdb.staffs",
  "pk": 10018,
  "fields": {
    "name": "\u674e\u94f8",
    "alias": "\u674e\u94f8",
    "mobile": "",
    "tel": "",
    "company": 10012,
    "email": "",
    "remark": ""
  }
},
{
  "model": "cmdb.staffs",
  "pk": 10019,
  "fields": {
    "name": "\u738b\u4e3d",
    "alias": "\u738b\u4e3d",
    "mobile": "",
    "tel": "",
    "company": 10013,
    "email": "",
    "remark": ""
  }
},
{
  "model": "cmdb.staffs",
  "pk": 10022,
  "fields": {
    "name": "\u5f20\u4e09",
    "alias": "zhangsan",
    "mobile": "",
    "tel": "",
    "company": 10021,
    "email": "",
    "remark": ""
  }
},
{
  "model": "cmdb.staffs",
  "pk": 10043,
  "fields": {
    "name": "\u5f20\u4e09",
    "alias": "zhangsan",
    "mobile": "13812343323",
    "tel": "89742345",
    "company": null,
    "email": "zhangsan@afcat.com",
    "remark": ""
  }
},
{
  "model": "cmdb.staffs",
  "pk": 100110,
  "fields": {
    "name": "\u95eb\u5efa\u519b",
    "alias": "\u95eb\u5efa\u519b",
    "mobile": "",
    "tel": "",
    "company": 10013,
    "email": "",
    "remark": ""
  }
},
{
  "model": "cmdb.staffs",
  "pk": 100112,
  "fields": {
    "name": "\u6bdb\u56fd\u9e4f",
    "alias": "\u6bdb\u56fd\u9e4f",
    "mobile": "",
    "tel": "",
    "company": 10013,
    "email": "",
    "remark": ""
  }
},
{
  "model": "cmdb.staffs",
  "pk": 100113,
  "fields": {
    "name": "\u5468\u7acb\u6d9b",
    "alias": "\u5468\u7acb\u6d9b",
    "mobile": "",
    "tel": "",
    "company": 10013,
    "email": "",
    "remark": ""
  }
},
{
  "model": "cmdb.staffs",
  "pk": 100114,
  "fields": {
    "name": "\u5f20\u9530",
    "alias": "\u5f20\u9530",
    "mobile": "",
    "tel": "",
    "company": 10013,
    "email": "",
    "remark": ""
  }
},
{
  "model": "cmdb.staffs",
  "pk": 100115,
  "fields": {
    "name": "\u674e\u60f3",
    "alias": "\u674e\u60f3",
    "mobile": "",
    "tel": "",
    "company": 10013,
    "email": "",
    "remark": ""
  }
},
{
  "model": "cmdb.staffs",
  "pk": 100116,
  "fields": {
    "name": "\u6768\u745e",
    "alias": "\u6768\u745e",
    "mobile": "",
    "tel": "",
    "company": 10013,
    "email": "",
    "remark": ""
  }
},
{
  "model": "cmdb.staffs",
  "pk": 100117,
  "fields": {
    "name": "\u4e8e\u74a0",
    "alias": "\u4e8e\u74a0",
    "mobile": "",
    "tel": "",
    "company": 10013,
    "email": "",
    "remark": ""
  }
},
{
  "model": "cmdb.staffs",
  "pk": 100118,
  "fields": {
    "name": "\u738b\u6e90",
    "alias": "\u738b\u6e90",
    "mobile": "",
    "tel": "",
    "company": 10013,
    "email": "",
    "remark": ""
  }
},
{
  "model": "cmdb.staffs",
  "pk": 100119,
  "fields": {
    "name": "\u674e\u4e7e\u5764",
    "alias": "\u674e\u4e7e\u5764",
    "mobile": "",
    "tel": "",
    "company": 10013,
    "email": "",
    "remark": ""
  }
},
{
  "model": "cmdb.staffs",
  "pk": 100120,
  "fields": {
    "name": "\u6731\u5b54\u4eae",
    "alias": "\u6731\u5b54\u4eae",
    "mobile": "",
    "tel": "",
    "company": 10013,
    "email": "",
    "remark": ""
  }
},
{
  "model": "cmdb.itemsset",
  "pk": 10011,
  "fields": {
    "itemname": "\u9879\u76ee\u96c61",
    "staffs": 100113,
    "cust": 1001
  }
},
{
  "model": "cmdb.itemsset",
  "pk": 10042,
  "fields": {
    "itemname": "\u6570\u5b57\u94f6\u884c\u9879\u76ee\u96c61",
    "staffs": 10043,
    "cust": 1004
  }
},
{
  "model": "cmdb.itemsset",
  "pk": 100211,
  "fields": {
    "itemname": "\u9879\u76ee\u96c61",
    "staffs": 10022,
    "cust": 1002
  }
},
{
  "model": "cmdb.projects",
  "pk": 10011,
  "fields": {
    "sysname": "\u8d44\u91d1\u7cfb\u7edf",
    "sysalias": "SUMMIT",
    "company": 10011,
    "syslevel": "1",
    "disasterlevel": "1",
    "itemsset": null
  }
},
{
  "model": "cmdb.projects",
  "pk": 10012,
  "fields": {
    "sysname": "\u52a9\u8d37\u7cfb\u7edf",
    "sysalias": "ZXDK",
    "company": 10011,
    "syslevel": "3",
    "disasterlevel": "3",
    "itemsset": null
  }
},
{
  "model": "cmdb.projects",
  "pk": 10013,
  "fields": {
    "sysname": "\u4e9a\u8054\u67dc\u9762\u901a",
    "sysalias": "MBIS",
    "company": 10011,
    "syslevel": "2",
    "disasterlevel": "2",
    "itemsset": null
  }
},
{
  "model": "cmdb.projects",
  "pk": 10014,
  "fields": {
    "sysname": "\u7edf\u4e00\u62a5\u4ef7\u5e73\u53f0/\u8def\u900f",
    "sysalias": "",
    "company": 10011,
    "syslevel": "1",
    "disasterlevel": "1",
    "itemsset": null
  }
},
{
  "model": "cmdb.projects",
  "pk": 10015,
  "fields": {
    "sysname": "\u5916\u6c47\u6e05\u7b97",
    "sysalias": "FEX",
    "company": 10011,
    "syslevel": "1",
    "disasterlevel": "1",
    "itemsset": null
  }
},
{
  "model": "cmdb.projects",
  "pk": 10016,
  "fields": {
    "sysname": "\u6df1\u8bc1\u901a\u524d\u7f6e",
    "sysalias": "",
    "company": 10011,
    "syslevel": "2",
    "disasterlevel": "2",
    "itemsset": null
  }
},
{
  "model": "cmdb.projects",
  "pk": 10017,
  "fields": {
    "sysname": "\u8d44\u91d1\u6258\u7ba1",
    "sysalias": "ACS",
    "company": 10011,
    "syslevel": "1",
    "disasterlevel": "1",
    "itemsset": null
  }
},
{
  "model": "cmdb.projects",
  "pk": 10018,
  "fields": {
    "sysname": "\u5f71\u50cf\u5e73\u53f0",
    "sysalias": "BDS",
    "company": 10011,
    "syslevel": "3",
    "disasterlevel": "3",
    "itemsset": null
  }
},
{
  "model": "cmdb.projects",
  "pk": 10019,
  "fields": {
    "sysname": "\u7535\u5b50\u94f6\u884c\u4e1a\u52a1\u76d1\u63a7",
    "sysalias": "TMS",
    "company": 10011,
    "syslevel": "3",
    "disasterlevel": "3",
    "itemsset": null
  }
},
{
  "model": "cmdb.projects",
  "pk": 10022,
  "fields": {
    "sysname": "\u8d44\u91d1\u7cfb\u7edf",
    "sysalias": "summit",
    "company": 10021,
    "syslevel": "1",
    "disasterlevel": "1",
    "itemsset": 100211
  }
},
{
  "model": "cmdb.projects",
  "pk": 10024,
  "fields": {
    "sysname": "\u52a9\u8d37\u7cfb\u7edf",
    "sysalias": "ZD",
    "company": null,
    "syslevel": "2",
    "disasterlevel": "3",
    "itemsset": 100211
  }
},
{
  "model": "cmdb.projects",
  "pk": 10026,
  "fields": {
    "sysname": "\u6838\u5fc3\u7cfb\u7edf",
    "sysalias": "SYMBOLS",
    "company": null,
    "syslevel": "1",
    "disasterlevel": "1",
    "itemsset": 100211
  }
},
{
  "model": "cmdb.projects",
  "pk": 10041,
  "fields": {
    "sysname": "\u8d44\u91d1\u7cfb\u7edf",
    "sysalias": "SUMMIT",
    "company": null,
    "syslevel": "1",
    "disasterlevel": "1",
    "itemsset": 10042
  }
},
{
  "model": "cmdb.projects",
  "pk": 100110,
  "fields": {
    "sysname": "\u4eba\u529b\u8d44\u6e90\u7ba1\u7406\u7cfb\u7edf",
    "sysalias": "HR",
    "company": 10011,
    "syslevel": "4",
    "disasterlevel": "4",
    "itemsset": null
  }
},
{
  "model": "cmdb.projects",
  "pk": 100111,
  "fields": {
    "sysname": "\u5ba2\u6237\u98ce\u9669\u7ba1\u7406",
    "sysalias": "FXGL",
    "company": 10011,
    "syslevel": "3",
    "disasterlevel": "3",
    "itemsset": null
  }
},
{
  "model": "cmdb.projects",
  "pk": 100112,
  "fields": {
    "sysname": "\u624b\u673a\u94f6\u884c\u8d34\u819c\u7248",
    "sysalias": "MBFR",
    "company": 10011,
    "syslevel": "4",
    "disasterlevel": "4",
    "itemsset": null
  }
},
{
  "model": "cmdb.projects",
  "pk": 100113,
  "fields": {
    "sysname": "\u4e8c\u4ee3\u652f\u4ed8",
    "sysalias": "",
    "company": 10011,
    "syslevel": "2",
    "disasterlevel": "2",
    "itemsset": null
  }
},
{
  "model": "cmdb.projects",
  "pk": 100114,
  "fields": {
    "sysname": "\u73b0\u91d1\u7ba1\u7406",
    "sysalias": "CMP",
    "company": 10012,
    "syslevel": "2",
    "disasterlevel": "2",
    "itemsset": null
  }
},
{
  "model": "cmdb.projects",
  "pk": 100115,
  "fields": {
    "sysname": "\u5b58\u6b3e",
    "sysalias": "DM",
    "company": 10012,
    "syslevel": "1",
    "disasterlevel": "1",
    "itemsset": null
  }
},
{
  "model": "cmdb.projects",
  "pk": 100117,
  "fields": {
    "sysname": "BPP",
    "sysalias": "BPP",
    "company": 10012,
    "syslevel": "1",
    "disasterlevel": "1",
    "itemsset": null
  }
},
{
  "model": "cmdb.projects",
  "pk": 100118,
  "fields": {
    "sysname": "SAP PI",
    "sysalias": "SAP PI",
    "company": 10012,
    "syslevel": "3",
    "disasterlevel": "2",
    "itemsset": null
  }
},
{
  "model": "cmdb.projects",
  "pk": 100119,
  "fields": {
    "sysname": "Solution Manager/SMD",
    "sysalias": "SMD",
    "company": 10012,
    "syslevel": "3",
    "disasterlevel": "2",
    "itemsset": null
  }
},
{
  "model": "cmdb.projects",
  "pk": 100120,
  "fields": {
    "sysname": "\u8d37\u6b3e\u6838\u7b97/CML",
    "sysalias": "CML",
    "company": 10012,
    "syslevel": "2",
    "disasterlevel": "2",
    "itemsset": null
  }
},
{
  "model": "cmdb.projects",
  "pk": 100121,
  "fields": {
    "sysname": "SAP PORTAL\u95e8\u6237",
    "sysalias": "PORTAL",
    "company": 10012,
    "syslevel": "3",
    "disasterlevel": "2",
    "itemsset": null
  }
},
{
  "model": "cmdb.projects",
  "pk": 100122,
  "fields": {
    "sysname": "\u4fe1\u8d37\u7ba1\u7406\u7cfb\u7edf",
    "sysalias": "CMIS",
    "company": 10012,
    "syslevel": "2",
    "disasterlevel": "2",
    "itemsset": null
  }
},
{
  "model": "cmdb.business",
  "pk": 10011,
  "fields": {
    "bussname": "\u8d44\u91d1\u4e1a\u52a1\u7cfb\u7edf",
    "project": 10011
  }
},
{
  "model": "cmdb.business",
  "pk": 10012,
  "fields": {
    "bussname": "\u8d44\u91d1\u6570\u636e\u5e93",
    "project": 10011
  }
},
{
  "model": "cmdb.business",
  "pk": 10013,
  "fields": {
    "bussname": "\u9ad8\u6821\u52a9\u5b66\u8d37\u6b3e",
    "project": 10012
  }
},
{
  "model": "cmdb.business",
  "pk": 10014,
  "fields": {
    "bussname": "\u751f\u6e90\u5730\u52a9\u5b66\u8d37\u6b3e",
    "project": 10012
  }
},
{
  "model": "cmdb.business",
  "pk": 10015,
  "fields": {
    "bussname": "\u4e9a\u8054\u67dc\u9762\u901a-\u524d\u7f6e",
    "project": 10013
  }
},
{
  "model": "cmdb.business",
  "pk": 10016,
  "fields": {
    "bussname": "\u7edf\u4e00\u62a5\u4ef7\u5e73\u53f0-\u524d\u7f6e",
    "project": 10014
  }
},
{
  "model": "cmdb.business",
  "pk": 10017,
  "fields": {
    "bussname": "\u5916\u6c47\u6e05\u7b97-SWIFT",
    "project": 10015
  }
},
{
  "model": "cmdb.business",
  "pk": 10018,
  "fields": {
    "bussname": "\u6df1\u8bc1\u901a\u524d\u7f6e",
    "project": 10016
  }
},
{
  "model": "cmdb.business",
  "pk": 10019,
  "fields": {
    "bussname": "\u5e94\u7528\u670d\u52a1\u5668",
    "project": 10017
  }
},
{
  "model": "cmdb.business",
  "pk": 10024,
  "fields": {
    "bussname": "\u8d44\u91d1\u4e1a\u52a1\u7cfb\u7edf",
    "project": 10022
  }
},
{
  "model": "cmdb.business",
  "pk": 10025,
  "fields": {
    "bussname": "\u8d44\u91d1\u6570\u636e\u5e93",
    "project": 10022
  }
},
{
  "model": "cmdb.business",
  "pk": 10041,
  "fields": {
    "bussname": "\u5e94\u7528\u7cfb\u7edf",
    "project": 10041
  }
},
{
  "model": "cmdb.business",
  "pk": 10042,
  "fields": {
    "bussname": "\u6570\u636e\u5e93\u7cfb\u7edf",
    "project": 10041
  }
},
{
  "model": "cmdb.business",
  "pk": 100110,
  "fields": {
    "bussname": "\u6570\u636e\u5e93\u670d\u52a1\u5668",
    "project": 10017
  }
},
{
  "model": "cmdb.business",
  "pk": 100111,
  "fields": {
    "bussname": "\u6587\u6863\u670d\u52a1\u5668",
    "project": 10017
  }
},
{
  "model": "cmdb.business",
  "pk": 100112,
  "fields": {
    "bussname": "\u5e94\u7528",
    "project": 100114
  }
},
{
  "model": "cmdb.business",
  "pk": 100113,
  "fields": {
    "bussname": "\u6570\u636e\u5e93",
    "project": 100114
  }
},
{
  "model": "cmdb.business",
  "pk": 100115,
  "fields": {
    "bussname": "\u5e94\u7528\u670d\u52a1\u5668",
    "project": 100117
  }
},
{
  "model": "cmdb.business",
  "pk": 100116,
  "fields": {
    "bussname": "\u6570\u636e\u5e93\u670d\u52a1\u5668\uff08HADR\uff09",
    "project": 100117
  }
},
{
  "model": "cmdb.business",
  "pk": 100117,
  "fields": {
    "bussname": "\u6d88\u606f\u670d\u52a1\u5668\uff08\u4e3b\u5907\uff09",
    "project": 100117
  }
},
{
  "model": "cmdb.business",
  "pk": 100119,
  "fields": {
    "bussname": "PI(\u4e3b\u5907)",
    "project": 100118
  }
},
{
  "model": "cmdb.business",
  "pk": 100120,
  "fields": {
    "bussname": "SOLMAN(\u5355\u673a)",
    "project": 100119
  }
},
{
  "model": "cmdb.business",
  "pk": 100121,
  "fields": {
    "bussname": "\u5e94\u7528(F5)",
    "project": 100120
  }
},
{
  "model": "cmdb.business",
  "pk": 100122,
  "fields": {
    "bussname": "\u6570\u636e\u5e93(\u4e3b\u5907)-\u6d88\u606f",
    "project": 100120
  }
},
{
  "model": "cmdb.business",
  "pk": 100123,
  "fields": {
    "bussname": "\u5e94\u7528(F5)",
    "project": 100121
  }
},
{
  "model": "cmdb.business",
  "pk": 100124,
  "fields": {
    "bussname": "\u6570\u636e\u5e93(\u4e3b\u5907)",
    "project": 100121
  }
},
{
  "model": "cmdb.business",
  "pk": 100126,
  "fields": {
    "bussname": "WEB\u670d\u52a1\u5668(F5) web\u670d\u52a1\u566802(VM)",
    "project": 100122
  }
},
{
  "model": "cmdb.business",
  "pk": 100127,
  "fields": {
    "bussname": "\u6570\u636e\u5e93(\u4e3b\u5907)",
    "project": 100122
  }
},
{
  "model": "cmdb.business",
  "pk": 100128,
  "fields": {
    "bussname": "\u5e94\u7528\u7cfb\u7edf",
    "project": 100110
  }
},
{
  "model": "cmdb.assets",
  "pk": 10011,
  "fields": {
    "assetno": "148099118571",
    "sn": "sn888",
    "model": null,
    "usetype": 100112,
    "assettype": 10011,
    "room": 100111,
    "cabinet": "J10",
    "unitinfo": "U20",
    "cpu": null,
    "memory": null,
    "manageip": "40.18.7.1",
    "clusterinfo": null,
    "factory": 10011,
    "integrator": 10011,
    "tradedate": null,
    "startdate": null,
    "expiredate": null,
    "netarea": 10017,
    "assetstatus": 10015,
    "cust": 1001,
    "contact": null,
    "createuser": "cmdb",
    "createdate": "2016-12-06T10:26:25.718",
    "updateuser": "cmdb",
    "updatedate": "2016-12-06T14:18:10.494",
    "remark": "J6/J17/J19-S07"
  }
},
{
  "model": "cmdb.assets",
  "pk": 10016,
  "fields": {
    "assetno": "148099509228",
    "sn": "210721C",
    "model": "APP&DB",
    "usetype": 100117,
    "assettype": 100130,
    "room": 100111,
    "cabinet": null,
    "unitinfo": null,
    "cpu": "2",
    "memory": "16",
    "manageip": "40.17.0.81",
    "clusterinfo": null,
    "factory": 10011,
    "integrator": 10011,
    "tradedate": null,
    "startdate": null,
    "expiredate": null,
    "netarea": 10017,
    "assetstatus": 10015,
    "cust": 1001,
    "contact": null,
    "createuser": "cmdb",
    "createdate": "2016-12-06T11:31:32.289",
    "updateuser": "cmdb",
    "updatedate": "2016-12-06T13:53:37.813",
    "remark": null
  }
},
{
  "model": "cmdb.assets",
  "pk": 10018,
  "fields": {
    "assetno": "148100212335",
    "sn": "SC29SKXLS3920SL",
    "model": null,
    "usetype": 100117,
    "assettype": 100130,
    "room": 100111,
    "cabinet": "166",
    "unitinfo": null,
    "cpu": "4",
    "memory": "65",
    "manageip": null,
    "clusterinfo": null,
    "factory": 10011,
    "integrator": 10011,
    "tradedate": null,
    "startdate": null,
    "expiredate": null,
    "netarea": 10017,
    "assetstatus": 10015,
    "cust": 1001,
    "contact": "\u5f20\u4e09",
    "createuser": "user",
    "createdate": "2016-12-06T13:28:43.359",
    "updateuser": "user",
    "updatedate": "2016-12-09T09:10:05.007",
    "remark": null
  }
},
{
  "model": "cmdb.assets",
  "pk": 10019,
  "fields": {
    "assetno": "148100212336",
    "sn": "sn888",
    "model": null,
    "usetype": 100117,
    "assettype": 100130,
    "room": 100111,
    "cabinet": "100124",
    "unitinfo": "U30",
    "cpu": "4",
    "memory": "32",
    "manageip": "192.168.2.1",
    "clusterinfo": "",
    "factory": 10011,
    "integrator": 10011,
    "tradedate": "2016-12-01",
    "startdate": "2016-12-01",
    "expiredate": "2016-12-30",
    "netarea": 10017,
    "assetstatus": 10015,
    "cust": 1001,
    "contact": "Peter",
    "createuser": "cmdb",
    "createdate": "2016-12-09T14:50:30",
    "updateuser": "user",
    "updatedate": "2016-12-09T14:50:30",
    "remark": ""
  }
},
{
  "model": "cmdb.assets",
  "pk": 10026,
  "fields": {
    "assetno": "148299799826",
    "sn": "ad324sds24",
    "model": null,
    "usetype": 10022,
    "assettype": 10023,
    "room": 10021,
    "cabinet": "23",
    "unitinfo": null,
    "cpu": null,
    "memory": null,
    "manageip": "192.168.3.21",
    "clusterinfo": null,
    "factory": 10027,
    "integrator": 10027,
    "tradedate": null,
    "startdate": null,
    "expiredate": null,
    "netarea": 10025,
    "assetstatus": 10024,
    "cust": 1002,
    "contact": null,
    "createuser": "user",
    "createdate": "2016-12-29T15:53:18.260",
    "updateuser": "user",
    "updatedate": "2016-12-29T15:53:18.260",
    "remark": null
  }
},
{
  "model": "cmdb.assets",
  "pk": 10041,
  "fields": {
    "assetno": "148299043977",
    "sn": "sn0292813048",
    "model": "ss",
    "usetype": 10042,
    "assettype": 10043,
    "room": 10041,
    "cabinet": "124",
    "unitinfo": "32U",
    "cpu": "4",
    "memory": "24",
    "manageip": "192.168.2.123",
    "clusterinfo": null,
    "factory": 10047,
    "integrator": 10047,
    "tradedate": null,
    "startdate": null,
    "expiredate": null,
    "netarea": 10041,
    "assetstatus": 10044,
    "cust": 1004,
    "contact": null,
    "createuser": "user",
    "createdate": "2016-12-29T13:47:19.777",
    "updateuser": "user",
    "updatedate": "2016-12-29T13:47:50.215",
    "remark": null
  }
},
{
  "model": "cmdb.assets",
  "pk": 10042,
  "fields": {
    "assetno": "148299051759",
    "sn": "sn0292813043",
    "model": "PureFlex7",
    "usetype": 10045,
    "assettype": 10046,
    "room": 10041,
    "cabinet": "167",
    "unitinfo": "32U",
    "cpu": "4",
    "memory": "24",
    "manageip": "192.168.2.124",
    "clusterinfo": null,
    "factory": 10041,
    "integrator": 10041,
    "tradedate": "2016-08-02",
    "startdate": "2016-11-13",
    "expiredate": "2019-11-01",
    "netarea": 10041,
    "assetstatus": 10044,
    "cust": 1004,
    "contact": null,
    "createuser": "user",
    "createdate": "2016-12-29T13:48:37.600",
    "updateuser": "user",
    "updatedate": "2016-12-29T13:51:10.122",
    "remark": null
  }
},
{
  "model": "cmdb.servers",
  "pk": 10011,
  "fields": {
    "hostname": "bejhost0011",
    "type": 10011,
    "ownserver": 10011,
    "tradedate": null,
    "expiredate": null,
    "model": "P750",
    "partition": "4",
    "netarea": 10011,
    "runningstatus": 10011,
    "balancetype": 10014,
    "cust": 1001,
    "createuser": "cmdb",
    "createdate": "2016-12-28T17:42:56.075",
    "updateuser": "cmdb",
    "updatedate": "2016-12-28T17:42:56.075",
    "remark": null
  }
},
{
  "model": "cmdb.servers",
  "pk": 10012,
  "fields": {
    "hostname": "bejhost0012",
    "type": 10011,
    "ownserver": 10011,
    "tradedate": null,
    "expiredate": null,
    "model": "P750",
    "partition": "4",
    "netarea": 10011,
    "runningstatus": 10011,
    "balancetype": 10014,
    "cust": 1001,
    "createuser": "cmdb",
    "createdate": "2016-12-28T17:43:04.673",
    "updateuser": "cmdb",
    "updatedate": "2016-12-28T17:43:04.673",
    "remark": null
  }
},
{
  "model": "cmdb.servers",
  "pk": 10013,
  "fields": {
    "hostname": "bejhost001",
    "type": 10011,
    "ownserver": 10011,
    "tradedate": null,
    "expiredate": null,
    "model": "P750",
    "partition": "4",
    "netarea": 10011,
    "runningstatus": 10011,
    "balancetype": 10014,
    "cust": 1001,
    "createuser": "cmdb",
    "createdate": "2016-12-05T17:40:52.510",
    "updateuser": "cmdb",
    "updatedate": "2016-12-05T17:40:52.510",
    "remark": null
  }
},
{
  "model": "cmdb.servers",
  "pk": 10014,
  "fields": {
    "hostname": "bejhost002",
    "type": 10011,
    "ownserver": 10011,
    "tradedate": null,
    "expiredate": null,
    "model": "P750",
    "partition": "4",
    "netarea": 10011,
    "runningstatus": 10011,
    "balancetype": 10014,
    "cust": 1001,
    "createuser": "cmdb",
    "createdate": "2016-12-05T17:41:30.698",
    "updateuser": "cmdb",
    "updatedate": "2016-12-05T17:41:30.698",
    "remark": null
  }
},
{
  "model": "cmdb.servers",
  "pk": 10015,
  "fields": {
    "hostname": "bejhost002",
    "type": 100117,
    "ownserver": 10016,
    "tradedate": null,
    "expiredate": null,
    "model": "pureflex",
    "partition": "3",
    "netarea": 10011,
    "runningstatus": 10011,
    "balancetype": 10011,
    "cust": 1001,
    "createuser": "cmdb",
    "createdate": "2016-12-06T13:54:33.952",
    "updateuser": "cmdb",
    "updatedate": "2016-12-06T14:08:27.011",
    "remark": null
  }
},
{
  "model": "cmdb.servers",
  "pk": 10016,
  "fields": {
    "hostname": "bejhost004",
    "type": 100117,
    "ownserver": 10016,
    "tradedate": null,
    "expiredate": null,
    "model": null,
    "partition": null,
    "netarea": null,
    "runningstatus": null,
    "balancetype": null,
    "cust": 1001,
    "createuser": "user",
    "createdate": "2016-12-06T14:49:11.579",
    "updateuser": "user",
    "updatedate": "2016-12-06T14:49:11.579",
    "remark": null
  }
},
{
  "model": "cmdb.servers",
  "pk": 10017,
  "fields": {
    "hostname": "CMP01",
    "type": 10011,
    "ownserver": null,
    "tradedate": null,
    "expiredate": null,
    "model": "P260",
    "partition": "1",
    "netarea": 10011,
    "runningstatus": 10011,
    "balancetype": 10014,
    "cust": 1001,
    "createuser": "cmdb",
    "createdate": "2016-12-06T15:18:24.291",
    "updateuser": "user",
    "updatedate": "2016-12-14T15:32:51.113",
    "remark": null
  }
},
{
  "model": "cmdb.servers",
  "pk": 10022,
  "fields": {
    "hostname": "zmt_host001",
    "type": 10022,
    "ownserver": null,
    "tradedate": null,
    "expiredate": null,
    "model": "DELL3312",
    "partition": null,
    "netarea": 10022,
    "runningstatus": 10021,
    "balancetype": 10021,
    "cust": 1002,
    "createuser": "cmdb",
    "createdate": "2016-12-28T11:33:51.304",
    "updateuser": "cmdb",
    "updatedate": "2016-12-28T13:29:41.966",
    "remark": null
  }
},
{
  "model": "cmdb.servers",
  "pk": 10024,
  "fields": {
    "hostname": "host002",
    "type": 10025,
    "ownserver": 10026,
    "tradedate": null,
    "expiredate": null,
    "model": "ksi",
    "partition": null,
    "netarea": 10021,
    "runningstatus": 10022,
    "balancetype": 10023,
    "cust": 1002,
    "createuser": "user",
    "createdate": "2016-12-29T16:31:38.234",
    "updateuser": "user",
    "updatedate": "2016-12-29T16:31:38.234",
    "remark": null
  }
},
{
  "model": "cmdb.servers",
  "pk": 10041,
  "fields": {
    "hostname": "sz-host01",
    "type": 10042,
    "ownserver": null,
    "tradedate": null,
    "expiredate": null,
    "model": "DELL765",
    "partition": null,
    "netarea": 10041,
    "runningstatus": 10041,
    "balancetype": 10044,
    "cust": 1004,
    "createuser": "user",
    "createdate": "2016-12-29T11:42:04.182",
    "updateuser": "user",
    "updatedate": "2016-12-29T11:42:04.182",
    "remark": null
  }
},
{
  "model": "cmdb.servers",
  "pk": 10042,
  "fields": {
    "hostname": "sz-host02",
    "type": 10042,
    "ownserver": null,
    "tradedate": null,
    "expiredate": null,
    "model": "DELL765",
    "partition": null,
    "netarea": 10041,
    "runningstatus": 10041,
    "balancetype": 10044,
    "cust": 1004,
    "createuser": "user",
    "createdate": "2016-12-29T12:26:21.325",
    "updateuser": "user",
    "updatedate": "2016-12-29T12:26:21.325",
    "remark": null
  }
},
{
  "model": "cmdb.servers",
  "pk": 10043,
  "fields": {
    "hostname": "sz-host03",
    "type": 10045,
    "ownserver": 10042,
    "tradedate": null,
    "expiredate": null,
    "model": "DELL765",
    "partition": null,
    "netarea": 10041,
    "runningstatus": 10041,
    "balancetype": 10042,
    "cust": 1004,
    "createuser": "user",
    "createdate": "2016-12-29T13:49:23.478",
    "updateuser": "user",
    "updatedate": "2016-12-29T13:49:23.478",
    "remark": null
  }
},
{
  "model": "cmdb.servers",
  "pk": 100111,
  "fields": {
    "hostname": "host123",
    "type": 100111,
    "ownserver": 10019,
    "tradedate": null,
    "expiredate": null,
    "model": "s",
    "partition": "s",
    "netarea": 10018,
    "runningstatus": 10014,
    "balancetype": 10012,
    "cust": 1001,
    "createuser": "user",
    "createdate": "2016-12-14T15:45:58.351",
    "updateuser": "user",
    "updatedate": "2016-12-26T17:55:21.560",
    "remark": null
  }
},
{
  "model": "cmdb.servers",
  "pk": 100112,
  "fields": {
    "hostname": "bejhost013",
    "type": 10011,
    "ownserver": 10011,
    "tradedate": null,
    "expiredate": null,
    "model": "P750",
    "partition": "4",
    "netarea": 10011,
    "runningstatus": 10011,
    "balancetype": 10014,
    "cust": 1001,
    "createuser": "cmdb",
    "createdate": "2016-12-28T17:44:36.966",
    "updateuser": "cmdb",
    "updatedate": "2016-12-28T17:44:36.966",
    "remark": null
  }
},
{
  "model": "cmdb.servers",
  "pk": 100113,
  "fields": {
    "hostname": "bejhost014",
    "type": 10011,
    "ownserver": 10011,
    "tradedate": null,
    "expiredate": null,
    "model": "P750",
    "partition": "4",
    "netarea": 10011,
    "runningstatus": 10011,
    "balancetype": 10014,
    "cust": 1001,
    "createuser": "cmdb",
    "createdate": "2016-12-28T17:44:45.472",
    "updateuser": "cmdb",
    "updatedate": "2016-12-28T17:44:45.472",
    "remark": null
  }
},
{
  "model": "cmdb.servers",
  "pk": 100114,
  "fields": {
    "hostname": "bejhost0145",
    "type": 10011,
    "ownserver": 10011,
    "tradedate": null,
    "expiredate": null,
    "model": "P750",
    "partition": "4",
    "netarea": 10011,
    "runningstatus": 10011,
    "balancetype": 10014,
    "cust": 1001,
    "createuser": "cmdb",
    "createdate": "2016-12-28T17:46:29.452",
    "updateuser": "cmdb",
    "updatedate": "2016-12-28T17:46:29.452",
    "remark": null
  }
},
{
  "model": "cmdb.servers",
  "pk": 100115,
  "fields": {
    "hostname": "bejhost015",
    "type": 10011,
    "ownserver": 10011,
    "tradedate": null,
    "expiredate": null,
    "model": "P750",
    "partition": "4",
    "netarea": 10011,
    "runningstatus": 10011,
    "balancetype": 10014,
    "cust": 1001,
    "createuser": "cmdb",
    "createdate": "2016-12-28T17:48:38.510",
    "updateuser": "cmdb",
    "updatedate": "2016-12-28T17:48:38.510",
    "remark": null
  }
},
{
  "model": "cmdb.servers",
  "pk": 100116,
  "fields": {
    "hostname": "bejhost016",
    "type": 10011,
    "ownserver": 10011,
    "tradedate": null,
    "expiredate": null,
    "model": "P750",
    "partition": "4",
    "netarea": 10011,
    "runningstatus": 10011,
    "balancetype": 10014,
    "cust": 1001,
    "createuser": "cmdb",
    "createdate": "2016-12-28T17:48:48.662",
    "updateuser": "cmdb",
    "updatedate": "2016-12-28T17:48:48.662",
    "remark": null
  }
},
{
  "model": "cmdb.servers",
  "pk": 100117,
  "fields": {
    "hostname": "bejhost017",
    "type": 10011,
    "ownserver": 10011,
    "tradedate": null,
    "expiredate": null,
    "model": "P750",
    "partition": "4",
    "netarea": 10011,
    "runningstatus": 10011,
    "balancetype": 10014,
    "cust": 1001,
    "createuser": "cmdb",
    "createdate": "2016-12-28T17:49:04.869",
    "updateuser": "cmdb",
    "updatedate": "2016-12-28T17:49:04.869",
    "remark": null
  }
},
{
  "model": "cmdb.servers",
  "pk": 100118,
  "fields": {
    "hostname": "bejhost018",
    "type": 10011,
    "ownserver": 10011,
    "tradedate": null,
    "expiredate": null,
    "model": "P750",
    "partition": "4",
    "netarea": 10011,
    "runningstatus": 10011,
    "balancetype": 10014,
    "cust": 1001,
    "createuser": "cmdb",
    "createdate": "2016-12-28T17:49:18.393",
    "updateuser": "cmdb",
    "updatedate": "2016-12-28T17:49:18.393",
    "remark": null
  }
},
{
  "model": "cmdb.servers",
  "pk": 100119,
  "fields": {
    "hostname": "bejhost0019",
    "type": 100117,
    "ownserver": 10016,
    "tradedate": null,
    "expiredate": null,
    "model": "pureflex",
    "partition": "3",
    "netarea": 10011,
    "runningstatus": 10011,
    "balancetype": 10011,
    "cust": 1001,
    "createuser": "cmdb",
    "createdate": "2016-12-28T17:49:48.216",
    "updateuser": "cmdb",
    "updatedate": "2016-12-28T17:49:48.216",
    "remark": null
  }
},
{
  "model": "cmdb.servers",
  "pk": 100120,
  "fields": {
    "hostname": "bejhost0020",
    "type": 100117,
    "ownserver": 10016,
    "tradedate": null,
    "expiredate": null,
    "model": "pureflex",
    "partition": "3",
    "netarea": 10011,
    "runningstatus": 10011,
    "balancetype": 10011,
    "cust": 1001,
    "createuser": "cmdb",
    "createdate": "2016-12-28T17:50:46.789",
    "updateuser": "cmdb",
    "updatedate": "2016-12-28T17:50:46.789",
    "remark": null
  }
},
{
  "model": "cmdb.servers",
  "pk": 100121,
  "fields": {
    "hostname": "bejhost0021",
    "type": 100117,
    "ownserver": 10016,
    "tradedate": null,
    "expiredate": null,
    "model": "pureflex",
    "partition": "3",
    "netarea": 10011,
    "runningstatus": 10011,
    "balancetype": 10011,
    "cust": 1001,
    "createuser": "cmdb",
    "createdate": "2016-12-28T17:53:37.567",
    "updateuser": "cmdb",
    "updatedate": "2016-12-28T17:53:37.567",
    "remark": null
  }
},
{
  "model": "cmdb.servers",
  "pk": 100122,
  "fields": {
    "hostname": "bejhost0022",
    "type": 100117,
    "ownserver": 10016,
    "tradedate": null,
    "expiredate": null,
    "model": "pureflex",
    "partition": "3",
    "netarea": 10011,
    "runningstatus": 10011,
    "balancetype": 10011,
    "cust": 1001,
    "createuser": "cmdb",
    "createdate": "2016-12-28T17:54:53.335",
    "updateuser": "cmdb",
    "updatedate": "2016-12-28T17:55:36.879",
    "remark": null
  }
},
{
  "model": "cmdb.servers",
  "pk": 100123,
  "fields": {
    "hostname": "bejhost0023",
    "type": 100117,
    "ownserver": 10016,
    "tradedate": null,
    "expiredate": null,
    "model": "pureflex",
    "partition": "3",
    "netarea": 10011,
    "runningstatus": 10011,
    "balancetype": 10011,
    "cust": 1001,
    "createuser": "cmdb",
    "createdate": "2016-12-28T17:55:45.678",
    "updateuser": "cmdb",
    "updatedate": "2016-12-28T17:55:45.678",
    "remark": null
  }
},
{
  "model": "cmdb.r_server_business",
  "pk": 10019,
  "fields": {
    "server": 100122,
    "business": 100111,
    "createuser": "",
    "createdate": "2016-12-28T17:55:37.022",
    "updateuser": "",
    "updatedate": "2016-12-28T17:55:37.023"
  }
},
{
  "model": "cmdb.r_server_business",
  "pk": 10041,
  "fields": {
    "server": 10041,
    "business": 10042,
    "createuser": "",
    "createdate": "2016-12-29T11:42:04.260",
    "updateuser": "",
    "updatedate": "2016-12-29T11:42:04.260"
  }
},
{
  "model": "cmdb.r_server_business",
  "pk": 10042,
  "fields": {
    "server": 10042,
    "business": 10042,
    "createuser": "",
    "createdate": "2016-12-29T12:26:21.465",
    "updateuser": "",
    "updatedate": "2016-12-29T12:26:21.465"
  }
},
{
  "model": "cmdb.r_server_business",
  "pk": 10043,
  "fields": {
    "server": 10043,
    "business": 10041,
    "createuser": "",
    "createdate": "2016-12-29T13:49:23.556",
    "updateuser": "",
    "updatedate": "2016-12-29T13:49:23.556"
  }
},
{
  "model": "cmdb.r_server_business",
  "pk": 100110,
  "fields": {
    "server": 100123,
    "business": 100111,
    "createuser": "",
    "createdate": "2016-12-28T17:55:45.753",
    "updateuser": "",
    "updatedate": "2016-12-28T17:55:45.753"
  }
},
{
  "model": "cmdb.r_server_staff",
  "pk": 10011,
  "fields": {
    "server": 10015,
    "staff": 100117,
    "role": 10011,
    "createuser": "cmdb",
    "createdate": "2016-12-06T14:11:56.371",
    "updateuser": "cmdb",
    "updatedate": "2016-12-06T14:11:56.371",
    "remark": ""
  }
},
{
  "model": "cmdb.r_server_staff",
  "pk": 10012,
  "fields": {
    "server": 10016,
    "staff": 10018,
    "role": 10019,
    "createuser": "user",
    "createdate": "2016-12-06T15:59:57.411",
    "updateuser": "user",
    "updatedate": "2016-12-06T15:59:57.411",
    "remark": ""
  }
},
{
  "model": "cmdb.r_server_staff",
  "pk": 10014,
  "fields": {
    "server": 10013,
    "staff": 10019,
    "role": 10019,
    "createuser": "user",
    "createdate": "2016-12-06T16:55:49.843",
    "updateuser": "user",
    "updatedate": "2016-12-06T16:55:49.843",
    "remark": ""
  }
},
{
  "model": "cmdb.r_server_staff",
  "pk": 10015,
  "fields": {
    "server": 10013,
    "staff": 100119,
    "role": 100111,
    "createuser": "user",
    "createdate": "2016-12-06T17:04:54.686",
    "updateuser": "user",
    "updatedate": "2016-12-06T17:04:54.686",
    "remark": ""
  }
},
{
  "model": "cmdb.r_server_staff",
  "pk": 10016,
  "fields": {
    "server": 10017,
    "staff": 100114,
    "role": 10015,
    "createuser": "user",
    "createdate": "2016-12-14T15:30:05.389",
    "updateuser": "user",
    "updatedate": "2016-12-14T15:30:05.389",
    "remark": ""
  }
},
{
  "model": "cmdb.r_server_staff",
  "pk": 10017,
  "fields": {
    "server": 10017,
    "staff": 10019,
    "role": 10011,
    "createuser": "user",
    "createdate": "2016-12-14T15:30:47.246",
    "updateuser": "user",
    "updatedate": "2016-12-14T15:30:47.247",
    "remark": ""
  }
},
{
  "model": "cmdb.r_server_staff",
  "pk": 10018,
  "fields": {
    "server": 100111,
    "staff": 100113,
    "role": 10019,
    "createuser": "cmdb",
    "createdate": "2016-12-14T21:52:49.420",
    "updateuser": "cmdb",
    "updatedate": "2016-12-14T21:52:49.420",
    "remark": ""
  }
},
{
  "model": "cmdb.ipconfiguration",
  "pk": 10011,
  "fields": {
    "server": 10014,
    "ipaddress": "192.168.2.120",
    "gatway": "192.168.2.1",
    "iptype": "\u7269\u7406IP",
    "domain": "",
    "vlan": "102",
    "createuser": "cmdb",
    "createdate": "2016-12-05T17:44:36.445",
    "updateuser": "cmdb",
    "updatedate": "2016-12-05T17:44:36.445",
    "remark": ""
  }
},
{
  "model": "cmdb.ipconfiguration",
  "pk": 10014,
  "fields": {
    "server": 10013,
    "ipaddress": "192.168.2.123",
    "gatway": "192.168.2.1",
    "iptype": "\u670d\u52a1IP",
    "domain": "",
    "vlan": "",
    "createuser": "cmdb",
    "createdate": "2016-12-06T13:38:26.258",
    "updateuser": "cmdb",
    "updatedate": "2016-12-06T13:38:26.258",
    "remark": ""
  }
},
{
  "model": "cmdb.ipconfiguration",
  "pk": 10015,
  "fields": {
    "server": 10015,
    "ipaddress": "172.16.2.123",
    "gatway": "172.16.2.1",
    "iptype": "\u670d\u52a1IP",
    "domain": "",
    "vlan": "",
    "createuser": "cmdb",
    "createdate": "2016-12-06T14:10:00.139",
    "updateuser": "cmdb",
    "updatedate": "2016-12-06T14:10:00.139",
    "remark": ""
  }
},
{
  "model": "cmdb.ipconfiguration",
  "pk": 10016,
  "fields": {
    "server": 10017,
    "ipaddress": "1.1.1.1",
    "gatway": "1.1.1.254",
    "iptype": "\u670d\u52a1IP",
    "domain": "",
    "vlan": "",
    "createuser": "cmdb",
    "createdate": "2016-12-06T16:24:21.142",
    "updateuser": "cmdb",
    "updatedate": "2016-12-06T16:24:21.142",
    "remark": ""
  }
},
{
  "model": "cmdb.ipconfiguration",
  "pk": 10017,
  "fields": {
    "server": 10017,
    "ipaddress": "2.3.2.2",
    "gatway": "2.2.2.254",
    "iptype": "\u670d\u52a1IP",
    "domain": "",
    "vlan": "",
    "createuser": "cmdb",
    "createdate": "2016-12-06T16:24:43.560",
    "updateuser": "cmdb",
    "updatedate": "2016-12-06T16:24:43.560",
    "remark": ""
  }
},
{
  "model": "cmdb.ipconfiguration",
  "pk": 10018,
  "fields": {
    "server": 10016,
    "ipaddress": "192.168.1.23",
    "gatway": "192.168.1.1",
    "iptype": "\u7269\u7406IP",
    "domain": "aaa",
    "vlan": "102",
    "createuser": "user",
    "createdate": "2016-12-07T09:09:21.139",
    "updateuser": "user",
    "updatedate": "2016-12-07T09:09:29.172",
    "remark": ""
  }
},
{
  "model": "cmdb.ipconfiguration",
  "pk": 10019,
  "fields": {
    "server": 100111,
    "ipaddress": "192.168.2.123",
    "gatway": "192.168.2.1",
    "iptype": "\u670d\u52a1IP",
    "domain": "",
    "vlan": "102",
    "createuser": "cmdb",
    "createdate": "2016-12-14T21:52:09.507",
    "updateuser": "cmdb",
    "updatedate": "2016-12-14T21:52:09.507",
    "remark": ""
  }
},
{
  "model": "cmdb.ipconfiguration",
  "pk": 10025,
  "fields": {
    "server": 10022,
    "ipaddress": "192.168.2.123",
    "gatway": "192.168.2.1",
    "iptype": "\u670d\u52a1IP",
    "domain": "",
    "vlan": "",
    "createuser": "user",
    "createdate": "2016-12-29T16:18:14.437",
    "updateuser": "user",
    "updatedate": "2016-12-29T16:18:14.437",
    "remark": ""
  }
},
{
  "model": "cmdb.ipconfiguration",
  "pk": 10026,
  "fields": {
    "server": 10022,
    "ipaddress": "192.168.2.124",
    "gatway": "192.168.2.12",
    "iptype": "\u670d\u52a1IP",
    "domain": "",
    "vlan": "",
    "createuser": "user",
    "createdate": "2016-12-29T16:19:18.520",
    "updateuser": "user",
    "updatedate": "2016-12-29T16:30:54.679",
    "remark": ""
  }
},
{
  "model": "cmdb.ipconfiguration",
  "pk": 10041,
  "fields": {
    "server": 10041,
    "ipaddress": "192.168.2.123",
    "gatway": "192.168.2.1",
    "iptype": "\u670d\u52a1IP",
    "domain": "",
    "vlan": "102",
    "createuser": "user",
    "createdate": "2016-12-29T11:42:47.139",
    "updateuser": "user",
    "updatedate": "2016-12-29T11:42:47.139",
    "remark": ""
  }
},
{
  "model": "cmdb.ipconfiguration",
  "pk": 10042,
  "fields": {
    "server": 10043,
    "ipaddress": "192.168.2.123",
    "gatway": "192.168.2.1",
    "iptype": "\u670d\u52a1IP",
    "domain": "",
    "vlan": "12",
    "createuser": "user",
    "createdate": "2016-12-29T13:58:06.747",
    "updateuser": "user",
    "updatedate": "2016-12-29T13:58:06.747",
    "remark": ""
  }
},
{
  "model": "cmdb.ipconfiguration",
  "pk": 10043,
  "fields": {
    "server": 10043,
    "ipaddress": "192.168.2.124",
    "gatway": "192.168.2.1",
    "iptype": "\u7269\u7406IP",
    "domain": "",
    "vlan": "1",
    "createuser": "user",
    "createdate": "2016-12-29T14:00:42.814",
    "updateuser": "user",
    "updatedate": "2016-12-29T14:00:42.814",
    "remark": ""
  }
},
{
  "model": "cmdb.ipconfiguration",
  "pk": 100211,
  "fields": {
    "server": 10024,
    "ipaddress": "192.168.2.122",
    "gatway": "192.168.2.1",
    "iptype": "\u670d\u52a1IP",
    "domain": "",
    "vlan": "",
    "createuser": "user",
    "createdate": "2016-12-29T16:39:39.224",
    "updateuser": "user",
    "updatedate": "2016-12-29T16:39:39.224",
    "remark": ""
  }
},
{
  "model": "cmdb.ipconfiguration",
  "pk": 100212,
  "fields": {
    "server": 10024,
    "ipaddress": "192.168.2.120",
    "gatway": "192.168.2.1",
    "iptype": "\u670d\u52a1IP",
    "domain": "",
    "vlan": "",
    "createuser": "user",
    "createdate": "2016-12-29T16:40:25.955",
    "updateuser": "user",
    "updatedate": "2016-12-29T16:40:25.955",
    "remark": ""
  }
},
{
  "model": "cmdb.serverboardcard",
  "pk": 0,
  "fields": {
    "assetno": "148093112406",
    "sn": "card02982749",
    "server": 10014,
    "factory": 10011,
    "model": "Realtak",
    "cardtype": 1,
    "mac": "00-09-09-10-00-12",
    "slot": "2",
    "createuser": "cmdb",
    "createdate": "2016-12-05T17:45:24.066",
    "updateuser": "cmdb",
    "updatedate": "2016-12-05T17:45:24.066",
    "remark": null
  }
},
{
  "model": "cmdb.serverboardcard",
  "pk": 10011,
  "fields": {
    "assetno": "148100272840",
    "sn": "sdfsadf",
    "server": 10013,
    "factory": 10011,
    "model": null,
    "cardtype": 1,
    "mac": null,
    "slot": "1",
    "createuser": "cmdb",
    "createdate": "2016-12-06T13:38:48.408",
    "updateuser": "user",
    "updatedate": "2016-12-06T17:05:33.515",
    "remark": null
  }
},
{
  "model": "cmdb.serverboardcard",
  "pk": 10012,
  "fields": {
    "assetno": "148100462901",
    "sn": null,
    "server": 10015,
    "factory": 10016,
    "model": null,
    "cardtype": 1,
    "mac": null,
    "slot": null,
    "createuser": "cmdb",
    "createdate": "2016-12-06T14:10:29.014",
    "updateuser": "cmdb",
    "updatedate": "2016-12-06T14:10:29.014",
    "remark": null
  }
},
{
  "model": "cmdb.serverboardcard",
  "pk": 10013,
  "fields": {
    "assetno": "148100464616",
    "sn": null,
    "server": 10015,
    "factory": 10016,
    "model": null,
    "cardtype": 2,
    "mac": null,
    "slot": null,
    "createuser": "cmdb",
    "createdate": "2016-12-06T14:10:46.168",
    "updateuser": "cmdb",
    "updatedate": "2016-12-06T14:10:46.168",
    "remark": null
  }
},
{
  "model": "cmdb.serverboardcard",
  "pk": 10014,
  "fields": {
    "assetno": "148101269778",
    "sn": "wer",
    "server": 10017,
    "factory": null,
    "model": null,
    "cardtype": 1,
    "mac": null,
    "slot": null,
    "createuser": "cmdb",
    "createdate": "2016-12-06T16:24:57.793",
    "updateuser": "cmdb",
    "updatedate": "2016-12-06T16:24:57.793",
    "remark": null
  }
},
{
  "model": "cmdb.serverboardcard",
  "pk": 10015,
  "fields": {
    "assetno": "148101449889",
    "sn": "sn239832334",
    "server": 10013,
    "factory": 10012,
    "model": null,
    "cardtype": 2,
    "mac": null,
    "slot": null,
    "createuser": "user",
    "createdate": "2016-12-06T16:54:58.902",
    "updateuser": "user",
    "updatedate": "2016-12-06T17:05:28.906",
    "remark": null
  }
},
{
  "model": "cmdb.serverboardcard",
  "pk": 10016,
  "fields": {
    "assetno": "148107297653",
    "sn": null,
    "server": 10016,
    "factory": 10017,
    "model": null,
    "cardtype": 1,
    "mac": null,
    "slot": null,
    "createuser": "user",
    "createdate": "2016-12-07T09:09:36.549",
    "updateuser": "user",
    "updatedate": "2016-12-07T09:09:36.549",
    "remark": null
  }
},
{
  "model": "cmdb.serverboardcard",
  "pk": 10021,
  "fields": {
    "assetno": "148299790195",
    "sn": "11133",
    "server": 10022,
    "factory": 10027,
    "model": null,
    "cardtype": 1,
    "mac": "00-01-00-00-09",
    "slot": "1",
    "createuser": "user",
    "createdate": "2016-12-29T15:51:41.960",
    "updateuser": "user",
    "updatedate": "2016-12-29T15:51:41.960",
    "remark": null
  }
},
{
  "model": "cmdb.serverboardcard",
  "pk": 10041,
  "fields": {
    "assetno": "148298300901",
    "sn": "ad324sds24",
    "server": 10041,
    "factory": 10047,
    "model": null,
    "cardtype": 1,
    "mac": "00-01-00-00-09",
    "slot": "1",
    "createuser": "user",
    "createdate": "2016-12-29T11:43:29.010",
    "updateuser": "user",
    "updatedate": "2016-12-29T11:43:29.010",
    "remark": null
  }
},
{
  "model": "cmdb.storagevg",
  "pk": 10011,
  "fields": {
    "server": 10014,
    "raidtype": 10011,
    "vgname": "vg001",
    "vgsize": "500",
    "createuser": "user",
    "createdate": "2016-12-05T18:22:14.976",
    "updateuser": "user",
    "updatedate": "2016-12-05T18:22:14.976",
    "remark": ""
  }
},
{
  "model": "cmdb.storagevg",
  "pk": 10012,
  "fields": {
    "server": 10014,
    "raidtype": 10018,
    "vgname": "vg002",
    "vgsize": "300",
    "createuser": "user",
    "createdate": "2016-12-05T18:22:35.628",
    "updateuser": "user",
    "updatedate": "2016-12-05T18:22:35.628",
    "remark": ""
  }
},
{
  "model": "cmdb.storagevg",
  "pk": 10013,
  "fields": {
    "server": 10013,
    "raidtype": 10011,
    "vgname": "vg0001",
    "vgsize": "300",
    "createuser": "cmdb",
    "createdate": "2016-12-06T13:39:11.318",
    "updateuser": "cmdb",
    "updatedate": "2016-12-06T13:39:11.318",
    "remark": ""
  }
},
{
  "model": "cmdb.storagevg",
  "pk": 10014,
  "fields": {
    "server": 10015,
    "raidtype": 10018,
    "vgname": "vgroot",
    "vgsize": "300",
    "createuser": "cmdb",
    "createdate": "2016-12-06T14:09:15.730",
    "updateuser": "cmdb",
    "updatedate": "2016-12-06T14:09:15.730",
    "remark": ""
  }
},
{
  "model": "cmdb.storagevg",
  "pk": 10015,
  "fields": {
    "server": 10017,
    "raidtype": 10011,
    "vgname": "we",
    "vgsize": "500",
    "createuser": "cmdb",
    "createdate": "2016-12-06T16:26:27.001",
    "updateuser": "cmdb",
    "updatedate": "2016-12-06T16:26:27.001",
    "remark": ""
  }
},
{
  "model": "cmdb.storagevg",
  "pk": 10016,
  "fields": {
    "server": 10013,
    "raidtype": 10011,
    "vgname": "vg002",
    "vgsize": "200",
    "createuser": "user",
    "createdate": "2016-12-06T17:05:15.490",
    "updateuser": "user",
    "updatedate": "2016-12-06T17:05:15.490",
    "remark": ""
  }
},
{
  "model": "cmdb.storagevg",
  "pk": 10017,
  "fields": {
    "server": 10016,
    "raidtype": 10013,
    "vgname": "vg001",
    "vgsize": "100",
    "createuser": "user",
    "createdate": "2016-12-06T17:57:15.982",
    "updateuser": "user",
    "updatedate": "2016-12-07T09:09:58.124",
    "remark": ""
  }
},
{
  "model": "cmdb.storagevg",
  "pk": 10018,
  "fields": {
    "server": 100111,
    "raidtype": 10011,
    "vgname": "too",
    "vgsize": "100",
    "createuser": "cmdb",
    "createdate": "2016-12-15T13:10:17.657",
    "updateuser": "cmdb",
    "updatedate": "2016-12-15T13:10:17.658",
    "remark": ""
  }
},
{
  "model": "cmdb.storagevg",
  "pk": 10021,
  "fields": {
    "server": 10022,
    "raidtype": 10021,
    "vgname": "vg001",
    "vgsize": "120",
    "createuser": "user",
    "createdate": "2016-12-29T15:52:04.468",
    "updateuser": "user",
    "updatedate": "2016-12-29T15:52:04.468",
    "remark": ""
  }
},
{
  "model": "cmdb.storagevg",
  "pk": 10041,
  "fields": {
    "server": 10041,
    "raidtype": 10042,
    "vgname": "VG001",
    "vgsize": "120",
    "createuser": "user",
    "createdate": "2016-12-29T11:46:04.108",
    "updateuser": "user",
    "updatedate": "2016-12-29T11:46:04.108",
    "remark": ""
  }
},
{
  "model": "cmdb.storagepv",
  "pk": 10013,
  "fields": {
    "vg": 10013,
    "pvname": "pv001",
    "pvsize": "100",
    "createuser": "cmdb",
    "createdate": "2016-12-06T14:02:04.075",
    "updateuser": "cmdb",
    "updatedate": "2016-12-06T14:02:04.075",
    "remark": ""
  }
},
{
  "model": "cmdb.storagepv",
  "pk": 10014,
  "fields": {
    "vg": 10013,
    "pvname": "pv002",
    "pvsize": "100",
    "createuser": "user",
    "createdate": "2016-12-06T15:58:51.949",
    "updateuser": "user",
    "updatedate": "2016-12-06T15:58:51.950",
    "remark": ""
  }
},
{
  "model": "cmdb.storagepv",
  "pk": 10015,
  "fields": {
    "vg": 10015,
    "pvname": "222",
    "pvsize": "2222",
    "createuser": "cmdb",
    "createdate": "2016-12-06T16:27:00.532",
    "updateuser": "cmdb",
    "updatedate": "2016-12-06T16:27:00.532",
    "remark": "222"
  }
},
{
  "model": "cmdb.storagepv",
  "pk": 10016,
  "fields": {
    "vg": 10015,
    "pvname": "232",
    "pvsize": "222",
    "createuser": "cmdb",
    "createdate": "2016-12-06T16:27:09.288",
    "updateuser": "cmdb",
    "updatedate": "2016-12-06T16:27:09.288",
    "remark": "222"
  }
},
{
  "model": "cmdb.storagepv",
  "pk": 10017,
  "fields": {
    "vg": 10017,
    "pvname": "pv001",
    "pvsize": "200",
    "createuser": "user",
    "createdate": "2016-12-07T09:10:31.907",
    "updateuser": "user",
    "updatedate": "2016-12-07T09:10:40.105",
    "remark": "22"
  }
},
{
  "model": "cmdb.storagepv",
  "pk": 10021,
  "fields": {
    "vg": 10021,
    "pvname": "pv02938",
    "pvsize": "2120",
    "createuser": "user",
    "createdate": "2016-12-29T15:52:28.885",
    "updateuser": "user",
    "updatedate": "2016-12-29T15:52:28.885",
    "remark": "dk"
  }
},
{
  "model": "cmdb.storagepv",
  "pk": 10041,
  "fields": {
    "vg": 10041,
    "pvname": "pv001",
    "pvsize": "12",
    "createuser": "user",
    "createdate": "2016-12-29T11:46:49.988",
    "updateuser": "user",
    "updatedate": "2016-12-29T11:46:49.988",
    "remark": "sdf"
  }
},
{
  "model": "cmdb.storagelv",
  "pk": 10011,
  "fields": {
    "vg": 10011,
    "lvname": "lv001",
    "lvsize": "300",
    "filesystem": "/root",
    "createuser": "user",
    "createdate": "2016-12-05T18:27:41.799",
    "updateuser": "user",
    "updatedate": "2016-12-05T18:27:41.799",
    "remark": ""
  }
},
{
  "model": "cmdb.storagelv",
  "pk": 10012,
  "fields": {
    "vg": 10012,
    "lvname": "lv2_002",
    "lvsize": "200",
    "filesystem": "/home",
    "createuser": "user",
    "createdate": "2016-12-05T18:27:58.065",
    "updateuser": "user",
    "updatedate": "2016-12-05T18:27:58.065",
    "remark": ""
  }
},
{
  "model": "cmdb.storagelv",
  "pk": 10014,
  "fields": {
    "vg": 10013,
    "lvname": "lv001",
    "lvsize": "300",
    "filesystem": "/home",
    "createuser": "cmdb",
    "createdate": "2016-12-06T13:46:58.451",
    "updateuser": "cmdb",
    "updatedate": "2016-12-06T13:46:58.451",
    "remark": ""
  }
},
{
  "model": "cmdb.storagelv",
  "pk": 10015,
  "fields": {
    "vg": 10011,
    "lvname": "lv002",
    "lvsize": "200",
    "filesystem": "/home",
    "createuser": "cmdb",
    "createdate": "2016-12-06T13:50:37.816",
    "updateuser": "cmdb",
    "updatedate": "2016-12-06T13:50:37.816",
    "remark": ""
  }
},
{
  "model": "cmdb.storagelv",
  "pk": 10016,
  "fields": {
    "vg": 10012,
    "lvname": "lv2-002",
    "lvsize": "100",
    "filesystem": "/oracle",
    "createuser": "cmdb",
    "createdate": "2016-12-06T13:51:34.019",
    "updateuser": "cmdb",
    "updatedate": "2016-12-06T13:51:34.019",
    "remark": ""
  }
},
{
  "model": "cmdb.storagelv",
  "pk": 10017,
  "fields": {
    "vg": 10015,
    "lvname": "we",
    "lvsize": "333",
    "filesystem": "333",
    "createuser": "cmdb",
    "createdate": "2016-12-06T16:26:42.597",
    "updateuser": "cmdb",
    "updatedate": "2016-12-06T16:26:42.597",
    "remark": ""
  }
},
{
  "model": "cmdb.storagelv",
  "pk": 10018,
  "fields": {
    "vg": 10015,
    "lvname": "33",
    "lvsize": "333",
    "filesystem": "333",
    "createuser": "cmdb",
    "createdate": "2016-12-06T16:26:50.500",
    "updateuser": "cmdb",
    "updatedate": "2016-12-06T16:26:50.500",
    "remark": ""
  }
},
{
  "model": "cmdb.storagelv",
  "pk": 10019,
  "fields": {
    "vg": 10017,
    "lvname": "lv001",
    "lvsize": "100",
    "filesystem": "/u01",
    "createuser": "user",
    "createdate": "2016-12-07T09:10:14.590",
    "updateuser": "user",
    "updatedate": "2016-12-07T09:10:21.795",
    "remark": ""
  }
},
{
  "model": "cmdb.storagelv",
  "pk": 10021,
  "fields": {
    "vg": 10021,
    "lvname": "lv001",
    "lvsize": "12",
    "filesystem": "/root",
    "createuser": "user",
    "createdate": "2016-12-29T15:52:18.176",
    "updateuser": "user",
    "updatedate": "2016-12-29T15:52:18.176",
    "remark": ""
  }
},
{
  "model": "cmdb.storagelv",
  "pk": 10041,
  "fields": {
    "vg": 10041,
    "lvname": "LV001",
    "lvsize": "203",
    "filesystem": "/root",
    "createuser": "user",
    "createdate": "2016-12-29T11:46:21.670",
    "updateuser": "user",
    "updatedate": "2016-12-29T11:46:21.670",
    "remark": ""
  }
},
{
  "model": "cmdb.cpumemory",
  "pk": 10011,
  "fields": {
    "server": 10014,
    "model": "IntelE2600",
    "cpucount": "2",
    "corecount": "4",
    "frequency": "3.0",
    "memory": 24,
    "createuser": "cmdb",
    "createdate": "2016-12-05T17:43:54.294",
    "updateuser": "cmdb",
    "updatedate": "2016-12-05T17:44:14.690",
    "remark": ""
  }
},
{
  "model": "cmdb.cpumemory",
  "pk": 10012,
  "fields": {
    "server": 10015,
    "model": "Intel2300",
    "cpucount": "3",
    "corecount": "4",
    "frequency": "",
    "memory": 24,
    "createuser": "cmdb",
    "createdate": "2016-12-06T14:09:40.492",
    "updateuser": "cmdb",
    "updatedate": "2016-12-06T14:09:40.492",
    "remark": ""
  }
},
{
  "model": "cmdb.cpumemory",
  "pk": 10013,
  "fields": {
    "server": 10017,
    "model": "intel",
    "cpucount": "6",
    "corecount": "16",
    "frequency": "3",
    "memory": 128,
    "createuser": "cmdb",
    "createdate": "2016-12-06T16:23:27.679",
    "updateuser": "cmdb",
    "updatedate": "2016-12-06T16:23:27.679",
    "remark": ""
  }
},
{
  "model": "cmdb.cpumemory",
  "pk": 10014,
  "fields": {
    "server": 10017,
    "model": "intel",
    "cpucount": "8",
    "corecount": "8",
    "frequency": "8",
    "memory": 256,
    "createuser": "cmdb",
    "createdate": "2016-12-06T16:23:54.268",
    "updateuser": "cmdb",
    "updatedate": "2016-12-06T16:23:54.268",
    "remark": ""
  }
},
{
  "model": "cmdb.cpumemory",
  "pk": 10015,
  "fields": {
    "server": 10013,
    "model": "Intel",
    "cpucount": "3",
    "corecount": "",
    "frequency": "",
    "memory": 24,
    "createuser": "user",
    "createdate": "2016-12-06T17:05:50.240",
    "updateuser": "user",
    "updatedate": "2016-12-06T17:05:58.196",
    "remark": ""
  }
},
{
  "model": "cmdb.cpumemory",
  "pk": 10016,
  "fields": {
    "server": 10016,
    "model": "",
    "cpucount": "2",
    "corecount": "",
    "frequency": "",
    "memory": 12,
    "createuser": "user",
    "createdate": "2016-12-07T09:08:51.716",
    "updateuser": "user",
    "updatedate": "2016-12-07T09:09:01.406",
    "remark": ""
  }
},
{
  "model": "cmdb.cpumemory",
  "pk": 10017,
  "fields": {
    "server": 100111,
    "model": "123",
    "cpucount": "2",
    "corecount": "3",
    "frequency": "2",
    "memory": 3,
    "createuser": "cmdb",
    "createdate": "2016-12-14T21:49:49.029",
    "updateuser": "cmdb",
    "updatedate": "2016-12-14T21:49:49.029",
    "remark": ""
  }
},
{
  "model": "cmdb.cpumemory",
  "pk": 10041,
  "fields": {
    "server": 10041,
    "model": "Intel231",
    "cpucount": "3",
    "corecount": "3",
    "frequency": "3.2",
    "memory": 64,
    "createuser": "user",
    "createdate": "2016-12-29T11:42:27.379",
    "updateuser": "user",
    "updatedate": "2016-12-29T11:42:27.379",
    "remark": ""
  }
},
{
  "model": "cmdb.cpumemory",
  "pk": 10042,
  "fields": {
    "server": 10043,
    "model": "Intel123",
    "cpucount": "2",
    "corecount": "4",
    "frequency": "3.2",
    "memory": 8,
    "createuser": "user",
    "createdate": "2016-12-29T13:57:02.226",
    "updateuser": "user",
    "updatedate": "2016-12-29T13:57:02.226",
    "remark": ""
  }
},
{
  "model": "cmdb.installedsoftlist",
  "pk": 10016,
  "fields": {
    "server": 100111,
    "soft": 10016,
    "lisence": null,
    "port": "",
    "createuser": "cmdb",
    "createdate": "2016-12-14T21:52:36.522",
    "updateuser": "cmdb",
    "updatedate": "2016-12-14T21:52:36.522",
    "remark": ""
  }
},
{
  "model": "cmdb.installedsoftlist",
  "pk": 10017,
  "fields": {
    "server": 10017,
    "soft": 10016,
    "lisence": null,
    "port": "",
    "createuser": "cmdb",
    "createdate": "2016-12-15T16:01:06.707",
    "updateuser": "cmdb",
    "updatedate": "2016-12-15T16:01:06.707",
    "remark": ""
  }
},
{
  "model": "cmdb.installedsoftlist",
  "pk": 10018,
  "fields": {
    "server": 10016,
    "soft": 100132,
    "lisence": null,
    "port": "",
    "createuser": "cmdb",
    "createdate": "2016-12-15T16:02:32.118",
    "updateuser": "cmdb",
    "updatedate": "2016-12-15T16:02:32.118",
    "remark": ""
  }
},
{
  "model": "cmdb.installedsoftlist",
  "pk": 10019,
  "fields": {
    "server": 10014,
    "soft": 100116,
    "lisence": null,
    "port": "",
    "createuser": "cmdb",
    "createdate": "2016-12-15T16:31:08.123",
    "updateuser": "cmdb",
    "updatedate": "2016-12-15T16:31:08.123",
    "remark": ""
  }
},
{
  "model": "cmdb.installedsoftlist",
  "pk": 10022,
  "fields": {
    "server": 10022,
    "soft": 10022,
    "lisence": null,
    "port": "",
    "createuser": "cmdb",
    "createdate": "2016-12-28T15:34:20.192",
    "updateuser": "user",
    "updatedate": "2016-12-29T16:30:21.768",
    "remark": ""
  }
},
{
  "model": "cmdb.installedsoftlist",
  "pk": 100110,
  "fields": {
    "server": 10015,
    "soft": 10014,
    "lisence": null,
    "port": "",
    "createuser": "cmdb",
    "createdate": "2016-12-15T16:31:21.140",
    "updateuser": "cmdb",
    "updatedate": "2016-12-15T16:31:21.140",
    "remark": ""
  }
},
{
  "model": "cmdb.installedsoftlist",
  "pk": 100111,
  "fields": {
    "server": 10013,
    "soft": 10011,
    "lisence": null,
    "port": "",
    "createuser": "cmdb",
    "createdate": "2016-12-15T16:31:35.304",
    "updateuser": "cmdb",
    "updatedate": "2016-12-15T16:31:35.304",
    "remark": ""
  }
},
{
  "model": "cmdb.equipment",
  "pk": 10012,
  "fields": {
    "assetno": "148099110884",
    "sn": "210235A436X154000087",
    "assetname": "SZBC1H75RS0B",
    "assettype": 10011,
    "room": 100111,
    "cabinet": "167",
    "tradedate": null,
    "expiredate": null,
    "factory": 10018,
    "model": " H3C S7506E-S",
    "netarea": 10011,
    "status": 10015,
    "manageip": "60.34.100.2",
    "portcount": null,
    "slotindex": "04-16U",
    "powertype": "\u53cc\u7535",
    "usetype": "\u6838\u5fc3\u4ea4\u6362\u673a02",
    "cust": 1001,
    "createuser": "user",
    "createdate": "2016-12-06T10:25:08.849",
    "updateuser": "user",
    "updatedate": "2016-12-06T10:25:08.849",
    "remark": null
  }
},
{
  "model": "cmdb.equipment",
  "pk": 10013,
  "fields": {
    "assetno": "148099117811",
    "sn": "15-19-J-0198",
    "assetname": "SZBC1IDS",
    "assettype": 10011,
    "room": 100111,
    "cabinet": "177",
    "tradedate": null,
    "expiredate": null,
    "factory": 10018,
    "model": "NIDS NX3-N600A",
    "netarea": 10011,
    "status": 10015,
    "manageip": "60.34.100.3",
    "portcount": null,
    "slotindex": "04-17U",
    "powertype": "\u5355\u7535",
    "usetype": "\u6838\u5fc3\u533a\u57dfIDS",
    "cust": 1001,
    "createuser": "user",
    "createdate": "2016-12-06T10:26:18.111",
    "updateuser": "user",
    "updatedate": "2016-12-06T10:26:18.111",
    "remark": null
  }
},
{
  "model": "cmdb.equipment",
  "pk": 10018,
  "fields": {
    "assetno": "148100837851",
    "sn": null,
    "assetname": "SZBB1NS3300B",
    "assettype": 10016,
    "room": 100111,
    "cabinet": "177",
    "tradedate": null,
    "expiredate": null,
    "factory": null,
    "model": "NetSign3300",
    "netarea": 10017,
    "status": 10015,
    "manageip": "60.0.0.249",
    "portcount": null,
    "slotindex": "04-31U",
    "powertype": "\u53cc\u7535",
    "usetype": "\u751f\u4ea7\u7b7e\u540d\u9a8c\u7b7e02",
    "cust": 1001,
    "createuser": "user",
    "createdate": "2016-12-06T15:12:58.513",
    "updateuser": "user",
    "updatedate": "2016-12-06T16:45:09.064",
    "remark": null
  }
},
{
  "model": "cmdb.equipment",
  "pk": 10022,
  "fields": {
    "assetno": "148289122845",
    "sn": "2o2o39disrw",
    "assetname": "zmtcisco001",
    "assettype": 10021,
    "room": 10021,
    "cabinet": null,
    "tradedate": null,
    "expiredate": null,
    "factory": 10027,
    "model": "cisco001",
    "netarea": 10022,
    "status": 10024,
    "manageip": "192.168.2.123",
    "portcount": null,
    "slotindex": "929u",
    "powertype": "\u5355\u7535",
    "usetype": "\u6838\u5fc3\u4ea4\u63621",
    "cust": 1002,
    "createuser": "user",
    "createdate": "2016-12-28T10:13:48.457",
    "updateuser": "user",
    "updatedate": "2016-12-28T10:14:34.421",
    "remark": "aa"
  }
},
{
  "model": "cmdb.equipment",
  "pk": 10023,
  "fields": {
    "assetno": "148289190792",
    "sn": "12121212",
    "assetname": "zmtcisco002",
    "assettype": 10021,
    "room": 10021,
    "cabinet": null,
    "tradedate": null,
    "expiredate": null,
    "factory": 10027,
    "model": "cisco001",
    "netarea": 10022,
    "status": 10024,
    "manageip": "192.168.2.22",
    "portcount": null,
    "slotindex": "9290",
    "powertype": "\u5355\u7535",
    "usetype": "\u6838\u5fc3\u4ea4\u63622",
    "cust": 1002,
    "createuser": "user",
    "createdate": "2016-12-28T10:25:07.930",
    "updateuser": "user",
    "updatedate": "2016-12-28T10:25:07.930",
    "remark": "aa"
  }
},
{
  "model": "cmdb.equipment",
  "pk": 10025,
  "fields": {
    "assetno": "148289490411",
    "sn": "sn23848kks029",
    "assetname": "eq098192884",
    "assettype": 10022,
    "room": 10021,
    "cabinet": null,
    "tradedate": null,
    "expiredate": null,
    "factory": 10024,
    "model": "sie",
    "netarea": 10026,
    "status": 10024,
    "manageip": "192.168.2.24",
    "portcount": null,
    "slotindex": "320u",
    "powertype": "\u53cc\u7535",
    "usetype": "\u6838\u5fc3\u8def\u7531\u5668",
    "cust": 1002,
    "createuser": "user",
    "createdate": "2016-12-28T11:15:04.114",
    "updateuser": "user",
    "updatedate": "2016-12-28T11:15:04.114",
    "remark": null
  }
},
{
  "model": "cmdb.equipment",
  "pk": 10042,
  "fields": {
    "assetno": "148297661714",
    "sn": null,
    "assetname": "sz-cisco",
    "assettype": 10041,
    "room": 10041,
    "cabinet": "12",
    "tradedate": null,
    "expiredate": null,
    "factory": 10044,
    "model": "cisco1120",
    "netarea": 10045,
    "status": 10044,
    "manageip": "192.168.2.134",
    "portcount": null,
    "slotindex": "3u",
    "powertype": "\u53cc\u7535",
    "usetype": "\u6838\u5fc3\u4ea4\u63621",
    "cust": 1004,
    "createuser": "user",
    "createdate": "2016-12-29T09:56:57.148",
    "updateuser": "user",
    "updatedate": "2016-12-29T09:56:57.148",
    "remark": null
  }
},
{
  "model": "cmdb.equipment",
  "pk": 10043,
  "fields": {
    "assetno": "148297802508",
    "sn": null,
    "assetname": "sz-cisco101",
    "assettype": 10042,
    "room": 10041,
    "cabinet": "d2",
    "tradedate": null,
    "expiredate": null,
    "factory": null,
    "model": "3sdadf",
    "netarea": 10042,
    "status": 10044,
    "manageip": null,
    "portcount": null,
    "slotindex": "3sd3fs",
    "powertype": null,
    "usetype": "\u6838\u5fc3\u8def\u75312",
    "cust": 1004,
    "createuser": "user",
    "createdate": "2016-12-29T10:20:25.083",
    "updateuser": "user",
    "updatedate": "2016-12-29T10:20:25.083",
    "remark": null
  }
},
{
  "model": "cmdb.equipment",
  "pk": 10044,
  "fields": {
    "assetno": "148297804839",
    "sn": null,
    "assetname": "sz-cisco102",
    "assettype": 10042,
    "room": 10041,
    "cabinet": "d2",
    "tradedate": null,
    "expiredate": null,
    "factory": null,
    "model": "3sdadf",
    "netarea": 10042,
    "status": 10044,
    "manageip": "192.168.2.123",
    "portcount": null,
    "slotindex": "3sd3fs",
    "powertype": null,
    "usetype": "\u6838\u5fc3\u8def\u75312",
    "cust": 1004,
    "createuser": "user",
    "createdate": "2016-12-29T10:20:48.397",
    "updateuser": "user",
    "updatedate": "2016-12-29T10:20:48.397",
    "remark": null
  }
},
{
  "model": "cmdb.equipment",
  "pk": 10045,
  "fields": {
    "assetno": "148297806016",
    "sn": null,
    "assetname": "sz-cisco103",
    "assettype": 10042,
    "room": 10041,
    "cabinet": "d2",
    "tradedate": null,
    "expiredate": null,
    "factory": null,
    "model": "3sdadf",
    "netarea": 10042,
    "status": 10044,
    "manageip": "192.168.2.124",
    "portcount": null,
    "slotindex": "3sd3fs",
    "powertype": null,
    "usetype": "\u6838\u5fc3\u8def\u75312",
    "cust": 1004,
    "createuser": "user",
    "createdate": "2016-12-29T10:21:00.164",
    "updateuser": "user",
    "updatedate": "2016-12-29T10:21:00.164",
    "remark": null
  }
},
{
  "model": "cmdb.equipment",
  "pk": 10046,
  "fields": {
    "assetno": "148297807506",
    "sn": null,
    "assetname": "sz-cisco104",
    "assettype": 10042,
    "room": 10041,
    "cabinet": "d2",
    "tradedate": null,
    "expiredate": null,
    "factory": null,
    "model": "3sdadf",
    "netarea": 10042,
    "status": 10044,
    "manageip": "192.168.2.125",
    "portcount": null,
    "slotindex": "3sd3fs",
    "powertype": null,
    "usetype": "\u6838\u5fc3\u8def\u75312",
    "cust": 1004,
    "createuser": "user",
    "createdate": "2016-12-29T10:21:15.067",
    "updateuser": "user",
    "updatedate": "2016-12-29T10:21:15.067",
    "remark": null
  }
},
{
  "model": "cmdb.equipment",
  "pk": 100110,
  "fields": {
    "assetno": "148101598603",
    "sn": "1506G7359",
    "assetname": "SZBB1NS3300A",
    "assettype": 10016,
    "room": 100111,
    "cabinet": "177",
    "tradedate": null,
    "expiredate": null,
    "factory": 10016,
    "model": "NetSign3300",
    "netarea": 10011,
    "status": 10015,
    "manageip": "60.0.0.248",
    "portcount": null,
    "slotindex": "23U",
    "powertype": "\u53cc\u7535",
    "usetype": "\u751f\u4ea7\u7b7e\u540d\u9a8c\u7b7e01",
    "cust": 1001,
    "createuser": "user",
    "createdate": "2016-12-06T17:19:46.035",
    "updateuser": "user",
    "updatedate": "2016-12-06T17:19:46.035",
    "remark": null
  }
},
{
  "model": "cmdb.equipment",
  "pk": 100111,
  "fields": {
    "assetno": "148101604293",
    "sn": "001C54576398",
    "assetname": "CMCC\u8fd0\u8425\u5546\u8fb9\u754c\u5899",
    "assettype": 10013,
    "room": 100116,
    "cabinet": "1-C02",
    "tradedate": null,
    "expiredate": null,
    "factory": 10016,
    "model": "SG-6000-E3660",
    "netarea": 10011,
    "status": 10015,
    "manageip": "60.34.200.3",
    "portcount": null,
    "slotindex": "29U",
    "powertype": "\u53cc\u7535",
    "usetype": "\u7535\u4fe1\u7ebf\u8def\u8fd0\u8425\u5546\u8fb9\u754c\u5899",
    "cust": 1001,
    "createuser": "user",
    "createdate": "2016-12-06T17:20:42.938",
    "updateuser": "user",
    "updatedate": "2016-12-06T17:20:42.938",
    "remark": null
  }
},
{
  "model": "cmdb.equipment",
  "pk": 100113,
  "fields": {
    "assetno": "148101733523",
    "sn": "210235A0H9H153000243",
    "assetname": "SZBO1H55RS02",
    "assettype": 10011,
    "room": 10016,
    "cabinet": "1-B01",
    "tradedate": null,
    "expiredate": null,
    "factory": null,
    "model": null,
    "netarea": 10017,
    "status": 10015,
    "manageip": null,
    "portcount": null,
    "slotindex": null,
    "powertype": null,
    "usetype": "\u5916\u8054\u6838\u5fc3\u4ea4\u6362\u673a02",
    "cust": 1001,
    "createuser": "user",
    "createdate": "2016-12-06T17:42:15.235",
    "updateuser": "user",
    "updatedate": "2016-12-06T17:58:33.735",
    "remark": null
  }
},
{
  "model": "cmdb.equipment",
  "pk": 100117,
  "fields": {
    "assetno": "148127157129",
    "sn": null,
    "assetname": "sdfdf",
    "assettype": 10011,
    "room": 10016,
    "cabinet": "1-B01",
    "tradedate": null,
    "expiredate": null,
    "factory": null,
    "model": null,
    "netarea": 10017,
    "status": 10015,
    "manageip": null,
    "portcount": null,
    "slotindex": "asf",
    "powertype": null,
    "usetype": "asfasf",
    "cust": 1001,
    "createuser": "cmdb",
    "createdate": "2016-12-09T16:19:31.297",
    "updateuser": "cmdb",
    "updatedate": "2016-12-09T16:19:31.297",
    "remark": null
  }
},
{
  "model": "cmdb.equipment",
  "pk": 100118,
  "fields": {
    "assetno": "148127157827",
    "sn": null,
    "assetname": "sdfdf",
    "assettype": 10011,
    "room": 10016,
    "cabinet": "1-B01",
    "tradedate": null,
    "expiredate": null,
    "factory": null,
    "model": null,
    "netarea": 10017,
    "status": 10015,
    "manageip": null,
    "portcount": null,
    "slotindex": "asf",
    "powertype": null,
    "usetype": "asfasf",
    "cust": 1001,
    "createuser": "cmdb",
    "createdate": "2016-12-09T16:19:38.274",
    "updateuser": "cmdb",
    "updatedate": "2016-12-09T16:19:38.274",
    "remark": null
  }
},
{
  "model": "cmdb.portlist",
  "pk": 10016,
  "fields": {
    "object_pk": 10012,
    "portname": "1\r",
    "porttype": null,
    "flag": 1,
    "vlan": null,
    "remark": null
  }
},
{
  "model": "cmdb.portlist",
  "pk": 10017,
  "fields": {
    "object_pk": 10012,
    "portname": "2",
    "porttype": null,
    "flag": 1,
    "vlan": null,
    "remark": null
  }
},
{
  "model": "cmdb.portlist",
  "pk": 10018,
  "fields": {
    "object_pk": 10013,
    "portname": "E1/1\r",
    "porttype": null,
    "flag": 1,
    "vlan": null,
    "remark": null
  }
},
{
  "model": "cmdb.portlist",
  "pk": 10019,
  "fields": {
    "object_pk": 10013,
    "portname": "E1/2",
    "porttype": null,
    "flag": 1,
    "vlan": null,
    "remark": null
  }
},
{
  "model": "cmdb.portlist",
  "pk": 10021,
  "fields": {
    "object_pk": 10021,
    "portname": "1\r",
    "porttype": null,
    "flag": 1,
    "vlan": null,
    "remark": null
  }
},
{
  "model": "cmdb.portlist",
  "pk": 10023,
  "fields": {
    "object_pk": 10021,
    "portname": "3",
    "porttype": null,
    "flag": 1,
    "vlan": null,
    "remark": null
  }
},
{
  "model": "cmdb.portlist",
  "pk": 10024,
  "fields": {
    "object_pk": 10021,
    "portname": "1",
    "porttype": null,
    "flag": 2,
    "vlan": null,
    "remark": null
  }
},
{
  "model": "cmdb.portlist",
  "pk": 10025,
  "fields": {
    "object_pk": 10021,
    "portname": "2",
    "porttype": null,
    "flag": 2,
    "vlan": null,
    "remark": null
  }
},
{
  "model": "cmdb.portlist",
  "pk": 10026,
  "fields": {
    "object_pk": 10021,
    "portname": "3",
    "porttype": null,
    "flag": 2,
    "vlan": null,
    "remark": null
  }
},
{
  "model": "cmdb.portlist",
  "pk": 10027,
  "fields": {
    "object_pk": 10021,
    "portname": "2",
    "porttype": "\u5149\u53e3",
    "flag": 1,
    "vlan": "910",
    "remark": ""
  }
},
{
  "model": "cmdb.portlist",
  "pk": 10028,
  "fields": {
    "object_pk": 10022,
    "portname": "1",
    "porttype": null,
    "flag": 2,
    "vlan": null,
    "remark": null
  }
},
{
  "model": "cmdb.portlist",
  "pk": 10029,
  "fields": {
    "object_pk": 10022,
    "portname": "2",
    "porttype": null,
    "flag": 2,
    "vlan": null,
    "remark": null
  }
},
{
  "model": "cmdb.portlist",
  "pk": 10041,
  "fields": {
    "object_pk": 10041,
    "portname": "s1/1",
    "porttype": "\u5149\u53e3",
    "flag": 2,
    "vlan": "100",
    "remark": ""
  }
},
{
  "model": "cmdb.portlist",
  "pk": 10042,
  "fields": {
    "object_pk": 10041,
    "portname": "s1/2",
    "porttype": "\u5343\u5146\u53e3",
    "flag": 2,
    "vlan": "102",
    "remark": ""
  }
},
{
  "model": "cmdb.portlist",
  "pk": 10043,
  "fields": {
    "object_pk": 10041,
    "portname": "s1/3",
    "porttype": "\u5149\u53e3",
    "flag": 2,
    "vlan": "101",
    "remark": ""
  }
},
{
  "model": "cmdb.portlist",
  "pk": 10044,
  "fields": {
    "object_pk": 10041,
    "portname": "s1/4",
    "porttype": "\u5149\u53e3",
    "flag": 2,
    "vlan": "102",
    "remark": ""
  }
},
{
  "model": "cmdb.portlist",
  "pk": 10045,
  "fields": {
    "object_pk": 10042,
    "portname": "c0/1",
    "porttype": null,
    "flag": 2,
    "vlan": null,
    "remark": null
  }
},
{
  "model": "cmdb.portlist",
  "pk": 10046,
  "fields": {
    "object_pk": 10042,
    "portname": "c0/2",
    "porttype": null,
    "flag": 2,
    "vlan": null,
    "remark": null
  }
},
{
  "model": "cmdb.portlist",
  "pk": 10047,
  "fields": {
    "object_pk": 10042,
    "portname": "c0/3",
    "porttype": null,
    "flag": 2,
    "vlan": null,
    "remark": null
  }
},
{
  "model": "cmdb.portlist",
  "pk": 10048,
  "fields": {
    "object_pk": 10042,
    "portname": "c0/4",
    "porttype": null,
    "flag": 2,
    "vlan": null,
    "remark": null
  }
},
{
  "model": "cmdb.portlist",
  "pk": 10049,
  "fields": {
    "object_pk": 10041,
    "portname": "c0\r",
    "porttype": null,
    "flag": 1,
    "vlan": null,
    "remark": null
  }
},
{
  "model": "cmdb.portlist",
  "pk": 100110,
  "fields": {
    "object_pk": 10013,
    "portname": "E1/3",
    "porttype": "\u5149\u53e3",
    "flag": 1,
    "vlan": "102",
    "remark": ""
  }
},
{
  "model": "cmdb.portlist",
  "pk": 100111,
  "fields": {
    "object_pk": 10013,
    "portname": "E1/4",
    "porttype": "xx\u53e3",
    "flag": 1,
    "vlan": "102",
    "remark": ""
  }
},
{
  "model": "cmdb.portlist",
  "pk": 100127,
  "fields": {
    "object_pk": 10014,
    "portname": "1",
    "porttype": "2",
    "flag": 1,
    "vlan": "1",
    "remark": ""
  }
},
{
  "model": "cmdb.portlist",
  "pk": 100128,
  "fields": {
    "object_pk": 10014,
    "portname": "3",
    "porttype": "4",
    "flag": 1,
    "vlan": "2",
    "remark": ""
  }
},
{
  "model": "cmdb.portlist",
  "pk": 100129,
  "fields": {
    "object_pk": 10014,
    "portname": "2",
    "porttype": "2",
    "flag": 1,
    "vlan": "2",
    "remark": ""
  }
},
{
  "model": "cmdb.portlist",
  "pk": 100132,
  "fields": {
    "object_pk": 10015,
    "portname": "c1",
    "porttype": null,
    "flag": 2,
    "vlan": null,
    "remark": null
  }
},
{
  "model": "cmdb.portlist",
  "pk": 100133,
  "fields": {
    "object_pk": 10015,
    "portname": "c2",
    "porttype": null,
    "flag": 2,
    "vlan": null,
    "remark": null
  }
},
{
  "model": "cmdb.portlist",
  "pk": 100134,
  "fields": {
    "object_pk": 10015,
    "portname": "c3",
    "porttype": null,
    "flag": 2,
    "vlan": null,
    "remark": null
  }
},
{
  "model": "cmdb.portlist",
  "pk": 100135,
  "fields": {
    "object_pk": 10016,
    "portname": "1",
    "porttype": "1",
    "flag": 1,
    "vlan": "1",
    "remark": ""
  }
},
{
  "model": "cmdb.portlist",
  "pk": 100136,
  "fields": {
    "object_pk": 10016,
    "portname": "1",
    "porttype": null,
    "flag": 2,
    "vlan": null,
    "remark": null
  }
},
{
  "model": "cmdb.portlist",
  "pk": 100137,
  "fields": {
    "object_pk": 10016,
    "portname": "2",
    "porttype": null,
    "flag": 2,
    "vlan": null,
    "remark": null
  }
},
{
  "model": "cmdb.portlist",
  "pk": 100138,
  "fields": {
    "object_pk": 10016,
    "portname": "3",
    "porttype": null,
    "flag": 2,
    "vlan": null,
    "remark": null
  }
},
{
  "model": "cmdb.portlist",
  "pk": 100139,
  "fields": {
    "object_pk": 10017,
    "portname": "1",
    "porttype": null,
    "flag": 2,
    "vlan": null,
    "remark": null
  }
},
{
  "model": "cmdb.portlist",
  "pk": 100140,
  "fields": {
    "object_pk": 10017,
    "portname": "2",
    "porttype": null,
    "flag": 2,
    "vlan": null,
    "remark": null
  }
},
{
  "model": "cmdb.portlist",
  "pk": 100141,
  "fields": {
    "object_pk": 10017,
    "portname": "3",
    "porttype": null,
    "flag": 2,
    "vlan": null,
    "remark": null
  }
},
{
  "model": "cmdb.portlist",
  "pk": 100142,
  "fields": {
    "object_pk": 10017,
    "portname": "4",
    "porttype": null,
    "flag": 2,
    "vlan": null,
    "remark": null
  }
},
{
  "model": "cmdb.portlist",
  "pk": 100146,
  "fields": {
    "object_pk": 10019,
    "portname": "1",
    "porttype": null,
    "flag": 2,
    "vlan": null,
    "remark": null
  }
},
{
  "model": "cmdb.portlist",
  "pk": 100147,
  "fields": {
    "object_pk": 10019,
    "portname": "2",
    "porttype": null,
    "flag": 2,
    "vlan": null,
    "remark": null
  }
},
{
  "model": "cmdb.portlist",
  "pk": 100148,
  "fields": {
    "object_pk": 10019,
    "portname": "3",
    "porttype": null,
    "flag": 2,
    "vlan": null,
    "remark": null
  }
},
{
  "model": "cmdb.portlist",
  "pk": 100149,
  "fields": {
    "object_pk": 100110,
    "portname": "1",
    "porttype": null,
    "flag": 2,
    "vlan": null,
    "remark": null
  }
},
{
  "model": "cmdb.portlist",
  "pk": 100150,
  "fields": {
    "object_pk": 100110,
    "portname": "2",
    "porttype": null,
    "flag": 2,
    "vlan": null,
    "remark": null
  }
},
{
  "model": "cmdb.portlist",
  "pk": 100151,
  "fields": {
    "object_pk": 100110,
    "portname": "3",
    "porttype": null,
    "flag": 2,
    "vlan": null,
    "remark": null
  }
},
{
  "model": "cmdb.portlist",
  "pk": 100210,
  "fields": {
    "object_pk": 10022,
    "portname": "3",
    "porttype": null,
    "flag": 2,
    "vlan": null,
    "remark": null
  }
},
{
  "model": "cmdb.portlist",
  "pk": 100211,
  "fields": {
    "object_pk": 10021,
    "portname": "4",
    "porttype": "\u5149\u53e3",
    "flag": 1,
    "vlan": "123",
    "remark": ""
  }
},
{
  "model": "cmdb.portlist",
  "pk": 100212,
  "fields": {
    "object_pk": 10021,
    "portname": "5",
    "porttype": "\u5149\u53e3",
    "flag": 1,
    "vlan": "11",
    "remark": "1111"
  }
},
{
  "model": "cmdb.portlist",
  "pk": 100213,
  "fields": {
    "object_pk": 10021,
    "portname": "4",
    "porttype": "\u5149\u53e3",
    "flag": 2,
    "vlan": "100",
    "remark": ""
  }
},
{
  "model": "cmdb.portlist",
  "pk": 100214,
  "fields": {
    "object_pk": 10021,
    "portname": "5",
    "porttype": "\u5149\u53e3",
    "flag": 2,
    "vlan": "200",
    "remark": ""
  }
},
{
  "model": "cmdb.portlist",
  "pk": 100410,
  "fields": {
    "object_pk": 10041,
    "portname": "c1",
    "porttype": null,
    "flag": 1,
    "vlan": null,
    "remark": null
  }
},
{
  "model": "cmdb.equipmentboardcard",
  "pk": 10015,
  "fields": {
    "assetno": "148101817680",
    "sn": "sn01293848",
    "equipment": 100113,
    "cardname": "card1",
    "slot": null,
    "model": null,
    "createuser": "user",
    "createdate": "2016-12-06T17:56:16.808",
    "updateuser": "user",
    "updatedate": "2016-12-06T17:56:16.808",
    "remark": null
  }
},
{
  "model": "cmdb.equipmentboardcard",
  "pk": 10016,
  "fields": {
    "assetno": "148118083601",
    "sn": "222",
    "equipment": 10013,
    "cardname": "1",
    "slot": null,
    "model": null,
    "createuser": "cmdb",
    "createdate": "2016-12-08T15:07:16.022",
    "updateuser": "cmdb",
    "updatedate": "2016-12-08T15:07:16.022",
    "remark": null
  }
},
{
  "model": "cmdb.equipmentboardcard",
  "pk": 10017,
  "fields": {
    "assetno": "148125453077",
    "sn": "sncard291928384",
    "equipment": 100113,
    "cardname": "card2",
    "slot": null,
    "model": null,
    "createuser": "user",
    "createdate": "2016-12-09T11:35:30.783",
    "updateuser": "user",
    "updatedate": "2016-12-09T11:35:30.783",
    "remark": null
  }
},
{
  "model": "cmdb.equipmentboardcard",
  "pk": 10019,
  "fields": {
    "assetno": "148162270066",
    "sn": "sn00101192",
    "equipment": 100118,
    "cardname": "card0",
    "slot": "u",
    "model": null,
    "createuser": "cmdb",
    "createdate": "2016-12-13T17:51:40.667",
    "updateuser": "cmdb",
    "updatedate": "2016-12-13T17:51:40.667",
    "remark": null
  }
},
{
  "model": "cmdb.equipmentboardcard",
  "pk": 10021,
  "fields": {
    "assetno": "148300127098",
    "sn": "sikdkd9",
    "equipment": 10023,
    "cardname": "card0",
    "slot": "3",
    "model": "cisco",
    "createuser": "user",
    "createdate": "2016-12-29T16:47:50.986",
    "updateuser": "user",
    "updatedate": "2016-12-29T16:47:50.986",
    "remark": null
  }
},
{
  "model": "cmdb.equipmentboardcard",
  "pk": 10022,
  "fields": {
    "assetno": "148300394682",
    "sn": "1113321",
    "equipment": 10025,
    "cardname": "c1",
    "slot": "1",
    "model": "equipment",
    "createuser": "user",
    "createdate": "2016-12-29T17:32:26.825",
    "updateuser": "user",
    "updatedate": "2016-12-29T17:32:26.825",
    "remark": null
  }
},
{
  "model": "cmdb.equipmentboardcard",
  "pk": 10041,
  "fields": {
    "assetno": "148297665722",
    "sn": "sn1029848",
    "equipment": 10042,
    "cardname": "card0",
    "slot": "1",
    "model": null,
    "createuser": "user",
    "createdate": "2016-12-29T09:57:37.222",
    "updateuser": "user",
    "updatedate": "2016-12-29T09:57:37.222",
    "remark": null
  }
},
{
  "model": "cmdb.equipmentboardcard",
  "pk": 10042,
  "fields": {
    "assetno": "148297810604",
    "sn": "csi102938",
    "equipment": 10043,
    "cardname": "c0",
    "slot": "2",
    "model": "skdi",
    "createuser": "user",
    "createdate": "2016-12-29T10:21:46.042",
    "updateuser": "user",
    "updatedate": "2016-12-29T10:21:46.042",
    "remark": null
  }
},
{
  "model": "cmdb.equipmentboardcard",
  "pk": 100110,
  "fields": {
    "assetno": "148168239418",
    "sn": "sn0000001",
    "equipment": 10013,
    "cardname": "2",
    "slot": "32u",
    "model": "model1",
    "createuser": "cmdb",
    "createdate": "2016-12-14T10:26:34.191",
    "updateuser": "cmdb",
    "updatedate": "2016-12-14T10:26:34.191",
    "remark": null
  }
},
{
  "model": "cmdb.portmapping",
  "pk": 10016,
  "fields": {
    "localport": 100132,
    "targetport": 100136,
    "remark": ""
  }
},
{
  "model": "cmdb.portmapping",
  "pk": 10017,
  "fields": {
    "localport": 100142,
    "targetport": 100111,
    "remark": ""
  }
},
{
  "model": "cmdb.portmapping",
  "pk": 10021,
  "fields": {
    "localport": 10024,
    "targetport": 10021,
    "remark": ""
  }
},
{
  "model": "cmdb.portmapping",
  "pk": 10022,
  "fields": {
    "localport": 10025,
    "targetport": 10023,
    "remark": ""
  }
},
{
  "model": "cmdb.portmapping",
  "pk": 10023,
  "fields": {
    "localport": 10026,
    "targetport": 10027,
    "remark": ""
  }
},
{
  "model": "cmdb.portmapping",
  "pk": 10024,
  "fields": {
    "localport": 100213,
    "targetport": 100212,
    "remark": ""
  }
},
{
  "model": "cmdb.portmapping",
  "pk": 10042,
  "fields": {
    "localport": 10045,
    "targetport": 10042,
    "remark": ""
  }
},
{
  "model": "cmdb.portmapping",
  "pk": 10043,
  "fields": {
    "localport": 10041,
    "targetport": 10046,
    "remark": ""
  }
},
{
  "model": "cmdb.r_equipment_staff",
  "pk": 10013,
  "fields": {
    "equipment": 100113,
    "staff": 100117,
    "role": 10011,
    "createuser": "user",
    "createdate": "2016-12-07T09:08:32.276",
    "updateuser": "user",
    "updatedate": "2016-12-07T09:08:32.276",
    "remark": ""
  }
},
{
  "model": "cmdb.r_equipment_staff",
  "pk": 10014,
  "fields": {
    "equipment": 100118,
    "staff": 100117,
    "role": 10011,
    "createuser": "cmdb",
    "createdate": "2016-12-13T17:47:01.388",
    "updateuser": "cmdb",
    "updatedate": "2016-12-13T17:47:01.388",
    "remark": ""
  }
},
{
  "model": "cmdb.r_equipment_staff",
  "pk": 10016,
  "fields": {
    "equipment": 100118,
    "staff": 10019,
    "role": 10018,
    "createuser": "cmdb",
    "createdate": "2016-12-13T17:49:50.797",
    "updateuser": "cmdb",
    "updatedate": "2016-12-13T17:49:50.797",
    "remark": ""
  }
},
{
  "model": "cmdb.r_equipment_staff",
  "pk": 10018,
  "fields": {
    "equipment": 100113,
    "staff": 100116,
    "role": 10011,
    "createuser": "cmdb",
    "createdate": "2016-12-14T13:38:21.435",
    "updateuser": "cmdb",
    "updatedate": "2016-12-14T13:38:21.435",
    "remark": ""
  }
},
{
  "model": "cmdb.r_equipment_staff",
  "pk": 10019,
  "fields": {
    "equipment": 100111,
    "staff": 100114,
    "role": 10018,
    "createuser": "cmdb",
    "createdate": "2016-12-14T14:04:40.470",
    "updateuser": "cmdb",
    "updatedate": "2016-12-14T14:04:40.470",
    "remark": ""
  }
},
{
  "model": "cmdb.r_equipment_staff",
  "pk": 10021,
  "fields": {
    "equipment": 10023,
    "staff": 10022,
    "role": 10021,
    "createuser": "user",
    "createdate": "2016-12-29T17:27:09.330",
    "updateuser": "user",
    "updatedate": "2016-12-29T17:27:09.330",
    "remark": ""
  }
},
{
  "model": "cmdb.r_equipment_staff",
  "pk": 10041,
  "fields": {
    "equipment": 10043,
    "staff": 10043,
    "role": 10041,
    "createuser": "user",
    "createdate": "2016-12-29T13:54:51.572",
    "updateuser": "user",
    "updatedate": "2016-12-29T13:54:51.572",
    "remark": ""
  }
},
{
  "model": "cmdb.r_equipment_staff",
  "pk": 100110,
  "fields": {
    "equipment": 100111,
    "staff": 100119,
    "role": 10018,
    "createuser": "cmdb",
    "createdate": "2016-12-14T14:07:05.281",
    "updateuser": "cmdb",
    "updatedate": "2016-12-14T14:07:05.281",
    "remark": ""
  }
},
{
  "model": "cmdb.r_equipment_staff",
  "pk": 100111,
  "fields": {
    "equipment": 10018,
    "staff": 10018,
    "role": 10015,
    "createuser": "user",
    "createdate": "2016-12-14T15:29:18.944",
    "updateuser": "user",
    "updatedate": "2016-12-14T15:29:18.944",
    "remark": ""
  }
},
{
  "model": "cmdb.assethistory",
  "pk": 0,
  "fields": {
    "model_name": "Assets",
    "data": "{'clusterinfo': None, 'startdate': None, 'updatedate': datetime.datetime(2016, 12, 28, 13, 50, 11, 894411), 'cpu': '1', 'usetype_id': 10021, 'sn': 'sn0001', 'manageip': '192.168.2.1', 'basedatacenter': 10021, 'tradedate': None, 'model': 'P750', 'factory_id': 10021, 'host_count': 0, 'createuser': 'cmdb', 'contact': None, 'cabinet': '267', 'updateuser': 'cmdb', 'memory': '2', 'createdate': datetime.datetime(2016, 12, 28, 13, 46, 49, 921524), 'unitinfo': '32U', 'assetstatus_id': 10024, 'id': 10022, 'integrator_id': 10021, 'cust_id': 1002, 'remark': None, 'netarea_id': 10025, 'assetno': '148290400992', 'assettype_id': 10022, 'expiredate': None, 'room_id': 10021}",
    "op_date": "2016-12-28T13:58:52.135",
    "op_user": "cmdb"
  }
},
{
  "model": "cmdb.assethistory",
  "pk": 10021,
  "fields": {
    "model_name": "Assets",
    "data": "{'expiredate': None, 'assetstatus_id': 10024, 'factory_id': 10027, 'room_id': 10021, 'cpu': None, 'contact': None, 'model': None, 'startdate': None, 'host_count': 0, 'updatedate': datetime.datetime(2016, 12, 28, 17, 18, 51, 749338), 'manageip': '192.168.2.22', 'usetype_id': 10025, 'tradedate': None, 'assettype_id': 10026, 'createuser': 'cmdb', 'memory': None, 'updateuser': 'cmdb', 'cust_id': 1002, 'basedatacenter': 10021, 'id': 10025, 'assetno': '148291673174', 'unitinfo': None, 'netarea_id': 10025, 'createdate': datetime.datetime(2016, 12, 28, 17, 18, 51, 749338), 'clusterinfo': None, 'integrator_id': 10021, 'remark': None, 'sn': 'aaaa', 'cabinet': None}",
    "op_date": "2016-12-28T17:26:58.347",
    "op_user": "cmdb"
  }
},
{
  "model": "cmdb.assethistory",
  "pk": 10022,
  "fields": {
    "model_name": "Equipment",
    "data": "{\"R_Equipment_Staff\": [], \"EquipmentBoardCard\": [], \"PortList\": [], \"Equipment\": {\"expiredate\": null, \"updatedate\": \"2016-12-28 11:13:45\", \"factory_id\": null, \"room_id\": 10021, \"updateuser\": \"user\", \"portcount\": null, \"manageip\": \"192.168.2.23\", \"createuser\": \"user\", \"powertype\": null, \"status_id\": 10024, \"tradedate\": null, \"assettype_id\": 10021, \"assetname\": \"aaaa\", \"usetype\": null, \"cust_id\": 1002, \"id\": 10024, \"assetno\": \"148289236971\", \"netarea_id\": 10025, \"slotindex\": \"ss\", \"createdate\": \"2016-12-28 10:32:49\", \"model\": \"ss\", \"remark\": null, \"sn\": \"sn23848kks03\", \"cabinet\": null}}",
    "op_date": "2016-12-28T17:28:19.537",
    "op_user": "cmdb"
  }
},
{
  "model": "cmdb.assethistory",
  "pk": 10023,
  "fields": {
    "model_name": "Servers",
    "data": "{\"R_Server_Staff\": [], \"ServerBoardCard\": [], \"CpuMemory\": [], \"Servers\": {\"expiredate\": null, \"cust_id\": 1002, \"runningstatus_id\": 10021, \"updateuser\": \"cmdb\", \"id\": 10023, \"type_id\": 10022, \"model\": \"DELL3310\", \"netarea_id\": 10022, \"updatedate\": \"2016-12-28 13:15:10\", \"createdate\": \"2016-12-28 13:15:10\", \"ownserver_id\": null, \"tradedate\": null, \"remark\": null, \"createuser\": \"cmdb\", \"hostname\": \"zmt_host002\", \"partition\": null, \"balancetype_id\": 10021}, \"IPConfiguration\": [], \"PortList\": [], \"StorageVG\": [], \"R_Server_Business\": [], \"InstalledSoftList\": [{\"createdate\": \"2016-12-28 15:34:02\", \"soft_id\": 10023, \"id\": 10021, \"port\": \"\", \"server_id\": 10023, \"createuser\": \"cmdb\", \"lisence_id\": null, \"updateuser\": \"cmdb\", \"remark\": \"\", \"updatedate\": \"2016-12-28 15:34:02\"}]}",
    "op_date": "2016-12-28T17:28:26.813",
    "op_user": "cmdb"
  }
},
{
  "model": "cmdb.operateaudit",
  "pk": 1,
  "fields": {
    "operate_time": "2016-12-26T17:55:21.658",
    "operater": "user",
    "action": "\u7f16\u8f91",
    "model_name": "\u4e3b\u673a",
    "operate_data": "\u5200\u7bb1\u670d\u52a1\u5668:host123",
    "object_pk": "100111"
  }
},
{
  "model": "cmdb.operateaudit",
  "pk": 2,
  "fields": {
    "operate_time": "2016-12-27T14:32:55.071",
    "operater": "user",
    "action": "\u5220\u9664",
    "model_name": "\u5ba2\u6237\u4fe1\u606f\u8868",
    "operate_data": "1005:\u5305\u5546\u6570\u5b57\u94f6\u884c",
    "object_pk": "1005"
  }
},
{
  "model": "cmdb.operateaudit",
  "pk": 3,
  "fields": {
    "operate_time": "2016-12-27T17:03:51.108",
    "operater": "user",
    "action": "\u5220\u9664",
    "model_name": "\u6570\u636e\u5907\u4efd",
    "operate_data": "\u5907\u4efd\u96c6 cmdb_20161227164107",
    "object_pk": "128"
  }
},
{
  "model": "cmdb.operateaudit",
  "pk": 4,
  "fields": {
    "operate_time": "2016-12-27T17:05:06.482",
    "operater": "user",
    "action": "\u6062\u590d\u6570\u636e",
    "model_name": "\u6570\u636e\u5907\u4efd",
    "operate_data": "\u5907\u4efd\u96c6 cmdb_20161227170410",
    "object_pk": "130"
  }
},
{
  "model": "cmdb.operateaudit",
  "pk": 5,
  "fields": {
    "operate_time": "2016-12-28T10:05:01.891",
    "operater": "user",
    "action": "\u65b0\u589e",
    "model_name": "\u7f51\u7edc\u8bbe\u5907",
    "operate_data": "None",
    "object_pk": "0"
  }
},
{
  "model": "cmdb.operateaudit",
  "pk": 6,
  "fields": {
    "operate_time": "2016-12-28T10:13:48.535",
    "operater": "user",
    "action": "\u65b0\u589e",
    "model_name": "\u7f51\u7edc\u8bbe\u5907",
    "operate_data": "\u4ea4\u6362\u673a zmtcisco001",
    "object_pk": "10022"
  }
},
{
  "model": "cmdb.operateaudit",
  "pk": 7,
  "fields": {
    "operate_time": "2016-12-28T10:14:34.467",
    "operater": "user",
    "action": "\u7f16\u8f91",
    "model_name": "\u7f51\u7edc\u8bbe\u5907",
    "operate_data": "\u4ea4\u6362\u673a zmtcisco001",
    "object_pk": "10022"
  }
},
{
  "model": "cmdb.operateaudit",
  "pk": 8,
  "fields": {
    "operate_time": "2016-12-28T10:25:07.965",
    "operater": "user",
    "action": "\u65b0\u589e",
    "model_name": "\u7f51\u7edc\u8bbe\u5907",
    "operate_data": "\u4ea4\u6362\u673a zmtcisco002",
    "object_pk": "10023"
  }
},
{
  "model": "cmdb.operateaudit",
  "pk": 9,
  "fields": {
    "operate_time": "2016-12-28T10:32:49.776",
    "operater": "user",
    "action": "\u65b0\u589e",
    "model_name": "\u7f51\u7edc\u8bbe\u5907",
    "operate_data": "\u4ea4\u6362\u673a aaaa",
    "object_pk": "10024"
  }
},
{
  "model": "cmdb.operateaudit",
  "pk": 10,
  "fields": {
    "operate_time": "2016-12-28T10:33:37.368",
    "operater": "user",
    "action": "\u7f16\u8f91",
    "model_name": "\u7f51\u7edc\u8bbe\u5907",
    "operate_data": "\u4ea4\u6362\u673a aaaa",
    "object_pk": "10024"
  }
},
{
  "model": "cmdb.operateaudit",
  "pk": 11,
  "fields": {
    "operate_time": "2016-12-28T11:13:10.856",
    "operater": "user",
    "action": "\u7f16\u8f91",
    "model_name": "\u7f51\u7edc\u8bbe\u5907",
    "operate_data": "\u4ea4\u6362\u673a aaaa",
    "object_pk": "10024"
  }
},
{
  "model": "cmdb.operateaudit",
  "pk": 12,
  "fields": {
    "operate_time": "2016-12-28T11:13:38.998",
    "operater": "user",
    "action": "\u7f16\u8f91",
    "model_name": "\u7f51\u7edc\u8bbe\u5907",
    "operate_data": "\u4ea4\u6362\u673a aaaa",
    "object_pk": "10024"
  }
},
{
  "model": "cmdb.operateaudit",
  "pk": 13,
  "fields": {
    "operate_time": "2016-12-28T11:13:45.522",
    "operater": "user",
    "action": "\u7f16\u8f91",
    "model_name": "\u7f51\u7edc\u8bbe\u5907",
    "operate_data": "\u4ea4\u6362\u673a aaaa",
    "object_pk": "10024"
  }
},
{
  "model": "cmdb.operateaudit",
  "pk": 14,
  "fields": {
    "operate_time": "2016-12-28T11:14:33.508",
    "operater": "user",
    "action": "\u65b0\u589e",
    "model_name": "\u7f51\u7edc\u8bbe\u5907",
    "operate_data": "None",
    "object_pk": "0"
  }
},
{
  "model": "cmdb.operateaudit",
  "pk": 15,
  "fields": {
    "operate_time": "2016-12-28T11:14:39.450",
    "operater": "user",
    "action": "\u65b0\u589e",
    "model_name": "\u7f51\u7edc\u8bbe\u5907",
    "operate_data": "None",
    "object_pk": "0"
  }
},
{
  "model": "cmdb.operateaudit",
  "pk": 16,
  "fields": {
    "operate_time": "2016-12-28T11:15:04.176",
    "operater": "user",
    "action": "\u65b0\u589e",
    "model_name": "\u7f51\u7edc\u8bbe\u5907",
    "operate_data": "\u8def\u7531\u5668 eq098192884",
    "object_pk": "10025"
  }
},
{
  "model": "cmdb.operateaudit",
  "pk": 17,
  "fields": {
    "operate_time": "2016-12-28T11:31:21.605",
    "operater": "cmdb",
    "action": "\u65b0\u589e",
    "model_name": "\u4e3b\u673a",
    "operate_data": "None",
    "object_pk": "0"
  }
},
{
  "model": "cmdb.operateaudit",
  "pk": 18,
  "fields": {
    "operate_time": "2016-12-28T11:33:51.366",
    "operater": "cmdb",
    "action": "\u65b0\u589e",
    "model_name": "\u4e3b\u673a",
    "operate_data": "PC\u670d\u52a1\u5668:zmt_host001",
    "object_pk": "10022"
  }
},
{
  "model": "cmdb.operateaudit",
  "pk": 19,
  "fields": {
    "operate_time": "2016-12-28T13:15:10.358",
    "operater": "cmdb",
    "action": "\u65b0\u589e",
    "model_name": "\u4e3b\u673a",
    "operate_data": "PC\u670d\u52a1\u5668:zmt_host002",
    "object_pk": "10023"
  }
},
{
  "model": "cmdb.operateaudit",
  "pk": 20,
  "fields": {
    "operate_time": "2016-12-28T13:29:18.262",
    "operater": "cmdb",
    "action": "\u7f16\u8f91",
    "model_name": "\u4e3b\u673a",
    "operate_data": "PC\u670d\u52a1\u5668:zmt_host001",
    "object_pk": "10022"
  }
},
{
  "model": "cmdb.operateaudit",
  "pk": 21,
  "fields": {
    "operate_time": "2016-12-28T13:29:26.129",
    "operater": "cmdb",
    "action": "\u7f16\u8f91",
    "model_name": "\u4e3b\u673a",
    "operate_data": "PC\u670d\u52a1\u5668:zmt_host001",
    "object_pk": "10022"
  }
},
{
  "model": "cmdb.operateaudit",
  "pk": 22,
  "fields": {
    "operate_time": "2016-12-28T13:29:42.056",
    "operater": "cmdb",
    "action": "\u7f16\u8f91",
    "model_name": "\u4e3b\u673a",
    "operate_data": "PC\u670d\u52a1\u5668:zmt_host001",
    "object_pk": "10022"
  }
},
{
  "model": "cmdb.operateaudit",
  "pk": 23,
  "fields": {
    "operate_time": "2016-12-28T13:42:49.169",
    "operater": "cmdb",
    "action": "\u65b0\u589e",
    "model_name": "\u670d\u52a1\u5668\u8d44\u4ea7",
    "operate_data": "None",
    "object_pk": "0"
  }
},
{
  "model": "cmdb.operateaudit",
  "pk": 24,
  "fields": {
    "operate_time": "2016-12-28T13:43:29.847",
    "operater": "cmdb",
    "action": "\u65b0\u589e",
    "model_name": "\u670d\u52a1\u5668\u8d44\u4ea7",
    "operate_data": "None",
    "object_pk": "0"
  }
},
{
  "model": "cmdb.operateaudit",
  "pk": 25,
  "fields": {
    "operate_time": "2016-12-28T13:46:49.952",
    "operater": "cmdb",
    "action": "\u65b0\u589e",
    "model_name": "\u670d\u52a1\u5668\u8d44\u4ea7",
    "operate_data": "\u5c0f\u578b\u673a:sn0001",
    "object_pk": "10022"
  }
},
{
  "model": "cmdb.operateaudit",
  "pk": 26,
  "fields": {
    "operate_time": "2016-12-28T13:50:11.988",
    "operater": "cmdb",
    "action": "\u7f16\u8f91",
    "model_name": "\u670d\u52a1\u5668\u8d44\u4ea7",
    "operate_data": "\u5c0f\u578b\u673a:sn0001",
    "object_pk": "10022"
  }
},
{
  "model": "cmdb.operateaudit",
  "pk": 27,
  "fields": {
    "operate_time": "2016-12-28T13:50:18.612",
    "operater": "cmdb",
    "action": "\u65b0\u589e",
    "model_name": "\u670d\u52a1\u5668\u8d44\u4ea7",
    "operate_data": "None",
    "object_pk": "0"
  }
},
{
  "model": "cmdb.operateaudit",
  "pk": 28,
  "fields": {
    "operate_time": "2016-12-28T13:50:27.566",
    "operater": "cmdb",
    "action": "\u65b0\u589e",
    "model_name": "\u670d\u52a1\u5668\u8d44\u4ea7",
    "operate_data": "None",
    "object_pk": "0"
  }
},
{
  "model": "cmdb.operateaudit",
  "pk": 29,
  "fields": {
    "operate_time": "2016-12-28T13:50:34.127",
    "operater": "cmdb",
    "action": "\u65b0\u589e",
    "model_name": "\u670d\u52a1\u5668\u8d44\u4ea7",
    "operate_data": "\u5c0f\u578b\u673a:sn0002",
    "object_pk": "10023"
  }
},
{
  "model": "cmdb.operateaudit",
  "pk": 30,
  "fields": {
    "operate_time": "2016-12-28T13:58:52.328",
    "operater": "cmdb",
    "action": "\u5220\u9664",
    "model_name": "\u670d\u52a1\u5668\u8d44\u4ea7",
    "operate_data": "\u5c0f\u578b\u673a:sn0001",
    "object_pk": "10022"
  }
},
{
  "model": "cmdb.operateaudit",
  "pk": 31,
  "fields": {
    "operate_time": "2016-12-28T14:25:51.332",
    "operater": "cmdb",
    "action": "\u65b0\u589e",
    "model_name": "\u670d\u52a1\u5668\u8d44\u4ea7",
    "operate_data": "None",
    "object_pk": "0"
  }
},
{
  "model": "cmdb.operateaudit",
  "pk": 32,
  "fields": {
    "operate_time": "2016-12-28T14:25:56.622",
    "operater": "cmdb",
    "action": "\u65b0\u589e",
    "model_name": "\u670d\u52a1\u5668\u8d44\u4ea7",
    "operate_data": "\u5c0f\u578b\u673a:sn0001",
    "object_pk": "10024"
  }
},
{
  "model": "cmdb.operateaudit",
  "pk": 33,
  "fields": {
    "operate_time": "2016-12-28T14:53:10.869",
    "operater": "cmdb",
    "action": "\u5220\u9664",
    "model_name": "\u6570\u636e\u5907\u4efd",
    "operate_data": "\u5907\u4efd\u96c6 cmdb_20161227170410",
    "object_pk": "130"
  }
},
{
  "model": "cmdb.operateaudit",
  "pk": 34,
  "fields": {
    "operate_time": "2016-12-28T14:57:12.205",
    "operater": "cmdb",
    "action": "\u65b0\u589e",
    "model_name": "\u6570\u636e\u5907\u4efd",
    "operate_data": "\u5907\u4efd\u96c6 cmdb_20161228145712",
    "object_pk": "131"
  }
},
{
  "model": "cmdb.operateaudit",
  "pk": 35,
  "fields": {
    "operate_time": "2016-12-28T14:58:29.793",
    "operater": "cmdb",
    "action": "\u6062\u590d\u6570\u636e",
    "model_name": "\u6570\u636e\u5907\u4efd",
    "operate_data": "\u5907\u4efd\u96c6 cmdb_20161228145712",
    "object_pk": "131"
  }
},
{
  "model": "cmdb.operateaudit",
  "pk": 36,
  "fields": {
    "operate_time": "2016-12-28T15:34:02.944",
    "operater": "cmdb",
    "action": "\u65b0\u589e",
    "model_name": "\u5b89\u88c5\u8f6f\u4ef6",
    "operate_data": "zmt_host002:AIX",
    "object_pk": "10021"
  }
},
{
  "model": "cmdb.operateaudit",
  "pk": 37,
  "fields": {
    "operate_time": "2016-12-28T15:34:20.233",
    "operater": "cmdb",
    "action": "\u65b0\u589e",
    "model_name": "\u5b89\u88c5\u8f6f\u4ef6",
    "operate_data": "zmt_host001:RHEL",
    "object_pk": "10022"
  }
},
{
  "model": "cmdb.operateaudit",
  "pk": 38,
  "fields": {
    "operate_time": "2016-12-28T17:05:36.833",
    "operater": "cmdb",
    "action": "\u5220\u9664",
    "model_name": "\u670d\u52a1\u5668\u8d44\u4ea7",
    "operate_data": "\u5c0f\u578b\u673a:sn0001",
    "object_pk": "10024"
  }
},
{
  "model": "cmdb.operateaudit",
  "pk": 39,
  "fields": {
    "operate_time": "2016-12-28T17:05:39.749",
    "operater": "cmdb",
    "action": "\u5220\u9664",
    "model_name": "\u670d\u52a1\u5668\u8d44\u4ea7",
    "operate_data": "\u5c0f\u578b\u673a:sn0002",
    "object_pk": "10023"
  }
},
{
  "model": "cmdb.operateaudit",
  "pk": 40,
  "fields": {
    "operate_time": "2016-12-28T17:08:05.426",
    "operater": "cmdb",
    "action": "\u5220\u9664",
    "model_name": "\u670d\u52a1\u5668\u8d44\u4ea7",
    "operate_data": "PC\u670d\u52a1\u5668:SN0000001",
    "object_pk": "10012"
  }
},
{
  "model": "cmdb.operateaudit",
  "pk": 41,
  "fields": {
    "operate_time": "2016-12-28T17:15:11.902",
    "operater": "cmdb",
    "action": "\u5220\u9664",
    "model_name": "\u670d\u52a1\u5668\u8d44\u4ea7",
    "operate_data": "PC\u670d\u52a1\u5668:84A649V",
    "object_pk": "10017"
  }
},
{
  "model": "cmdb.operateaudit",
  "pk": 42,
  "fields": {
    "operate_time": "2016-12-28T17:18:51.785",
    "operater": "cmdb",
    "action": "\u65b0\u589e",
    "model_name": "\u670d\u52a1\u5668\u8d44\u4ea7",
    "operate_data": "\u5200\u7247\u670d\u52a1\u5668:aaaa",
    "object_pk": "10025"
  }
},
{
  "model": "cmdb.operateaudit",
  "pk": 43,
  "fields": {
    "operate_time": "2016-12-28T17:26:58.429",
    "operater": "cmdb",
    "action": "\u5220\u9664",
    "model_name": "\u670d\u52a1\u5668\u8d44\u4ea7",
    "operate_data": "\u5200\u7247\u670d\u52a1\u5668:aaaa",
    "object_pk": "10025"
  }
},
{
  "model": "cmdb.operateaudit",
  "pk": 44,
  "fields": {
    "operate_time": "2016-12-28T17:28:19.621",
    "operater": "cmdb",
    "action": "\u5220\u9664",
    "model_name": "\u7f51\u7edc\u8bbe\u5907",
    "operate_data": "\u4ea4\u6362\u673a aaaa",
    "object_pk": "10024"
  }
},
{
  "model": "cmdb.operateaudit",
  "pk": 45,
  "fields": {
    "operate_time": "2016-12-28T17:28:26.908",
    "operater": "cmdb",
    "action": "\u5220\u9664",
    "model_name": "\u4e3b\u673a",
    "operate_data": "PC\u670d\u52a1\u5668:zmt_host002",
    "object_pk": "10023"
  }
},
{
  "model": "cmdb.operateaudit",
  "pk": 46,
  "fields": {
    "operate_time": "2016-12-28T17:42:56.280",
    "operater": "cmdb",
    "action": "\u65b0\u589e",
    "model_name": "\u4e3b\u673a",
    "operate_data": "PC\u670d\u52a1\u5668:bejhost0011",
    "object_pk": "10011"
  }
},
{
  "model": "cmdb.operateaudit",
  "pk": 47,
  "fields": {
    "operate_time": "2016-12-28T17:43:04.846",
    "operater": "cmdb",
    "action": "\u65b0\u589e",
    "model_name": "\u4e3b\u673a",
    "operate_data": "PC\u670d\u52a1\u5668:bejhost0012",
    "object_pk": "10012"
  }
},
{
  "model": "cmdb.operateaudit",
  "pk": 48,
  "fields": {
    "operate_time": "2016-12-28T17:43:13.366",
    "operater": "cmdb",
    "action": "\u65b0\u589e",
    "model_name": "\u4e3b\u673a",
    "operate_data": "None",
    "object_pk": "0"
  }
},
{
  "model": "cmdb.operateaudit",
  "pk": 49,
  "fields": {
    "operate_time": "2016-12-28T17:44:37.107",
    "operater": "cmdb",
    "action": "\u65b0\u589e",
    "model_name": "\u4e3b\u673a",
    "operate_data": "PC\u670d\u52a1\u5668:bejhost013",
    "object_pk": "100112"
  }
},
{
  "model": "cmdb.operateaudit",
  "pk": 50,
  "fields": {
    "operate_time": "2016-12-28T17:44:45.652",
    "operater": "cmdb",
    "action": "\u65b0\u589e",
    "model_name": "\u4e3b\u673a",
    "operate_data": "PC\u670d\u52a1\u5668:bejhost014",
    "object_pk": "100113"
  }
},
{
  "model": "cmdb.operateaudit",
  "pk": 51,
  "fields": {
    "operate_time": "2016-12-28T17:46:29.532",
    "operater": "cmdb",
    "action": "\u65b0\u589e",
    "model_name": "\u4e3b\u673a",
    "operate_data": "PC\u670d\u52a1\u5668:bejhost0145",
    "object_pk": "100114"
  }
},
{
  "model": "cmdb.operateaudit",
  "pk": 52,
  "fields": {
    "operate_time": "2016-12-28T17:48:13.210",
    "operater": "cmdb",
    "action": "\u65b0\u589e",
    "model_name": "\u4e3b\u673a",
    "operate_data": "None",
    "object_pk": "0"
  }
},
{
  "model": "cmdb.operateaudit",
  "pk": 53,
  "fields": {
    "operate_time": "2016-12-28T17:48:22.858",
    "operater": "cmdb",
    "action": "\u65b0\u589e",
    "model_name": "\u4e3b\u673a",
    "operate_data": "None",
    "object_pk": "0"
  }
},
{
  "model": "cmdb.operateaudit",
  "pk": 54,
  "fields": {
    "operate_time": "2016-12-28T17:48:38.548",
    "operater": "cmdb",
    "action": "\u65b0\u589e",
    "model_name": "\u4e3b\u673a",
    "operate_data": "PC\u670d\u52a1\u5668:bejhost015",
    "object_pk": "100115"
  }
},
{
  "model": "cmdb.operateaudit",
  "pk": 55,
  "fields": {
    "operate_time": "2016-12-28T17:48:48.733",
    "operater": "cmdb",
    "action": "\u65b0\u589e",
    "model_name": "\u4e3b\u673a",
    "operate_data": "PC\u670d\u52a1\u5668:bejhost016",
    "object_pk": "100116"
  }
},
{
  "model": "cmdb.operateaudit",
  "pk": 56,
  "fields": {
    "operate_time": "2016-12-28T17:49:04.907",
    "operater": "cmdb",
    "action": "\u65b0\u589e",
    "model_name": "\u4e3b\u673a",
    "operate_data": "PC\u670d\u52a1\u5668:bejhost017",
    "object_pk": "100117"
  }
},
{
  "model": "cmdb.operateaudit",
  "pk": 57,
  "fields": {
    "operate_time": "2016-12-28T17:49:18.432",
    "operater": "cmdb",
    "action": "\u65b0\u589e",
    "model_name": "\u4e3b\u673a",
    "operate_data": "PC\u670d\u52a1\u5668:bejhost018",
    "object_pk": "100118"
  }
},
{
  "model": "cmdb.operateaudit",
  "pk": 58,
  "fields": {
    "operate_time": "2016-12-28T17:49:48.453",
    "operater": "cmdb",
    "action": "\u65b0\u589e",
    "model_name": "\u4e3b\u673a",
    "operate_data": "\u5200\u7247\u670d\u52a1\u56681:bejhost0019",
    "object_pk": "100119"
  }
},
{
  "model": "cmdb.operateaudit",
  "pk": 59,
  "fields": {
    "operate_time": "2016-12-28T17:50:46.920",
    "operater": "cmdb",
    "action": "\u65b0\u589e",
    "model_name": "\u4e3b\u673a",
    "operate_data": "\u5200\u7247\u670d\u52a1\u56681:bejhost0020",
    "object_pk": "100120"
  }
},
{
  "model": "cmdb.operateaudit",
  "pk": 60,
  "fields": {
    "operate_time": "2016-12-28T17:51:57.069",
    "operater": "cmdb",
    "action": "\u65b0\u589e",
    "model_name": "\u4e3b\u673a",
    "operate_data": "\u5200\u7247\u670d\u52a1\u56681:bejhost0021",
    "object_pk": "0"
  }
},
{
  "model": "cmdb.operateaudit",
  "pk": 61,
  "fields": {
    "operate_time": "2016-12-28T17:52:27.873",
    "operater": "cmdb",
    "action": "\u5220\u9664",
    "model_name": "\u4e3b\u673a",
    "operate_data": "\u5200\u7247\u670d\u52a1\u56681:bejhost0021",
    "object_pk": "0"
  }
},
{
  "model": "cmdb.operateaudit",
  "pk": 62,
  "fields": {
    "operate_time": "2016-12-28T17:53:37.660",
    "operater": "cmdb",
    "action": "\u65b0\u589e",
    "model_name": "\u4e3b\u673a",
    "operate_data": "\u5200\u7247\u670d\u52a1\u56681:bejhost0021",
    "object_pk": "100121"
  }
},
{
  "model": "cmdb.operateaudit",
  "pk": 63,
  "fields": {
    "operate_time": "2016-12-28T17:54:53.375",
    "operater": "cmdb",
    "action": "\u65b0\u589e",
    "model_name": "\u4e3b\u673a",
    "operate_data": "\u5200\u7247\u670d\u52a1\u56681:bejhost0022",
    "object_pk": "100122"
  }
},
{
  "model": "cmdb.operateaudit",
  "pk": 64,
  "fields": {
    "operate_time": "2016-12-28T17:55:37.067",
    "operater": "cmdb",
    "action": "\u7f16\u8f91",
    "model_name": "\u4e3b\u673a",
    "operate_data": "\u5200\u7247\u670d\u52a1\u56681:bejhost0022",
    "object_pk": "100122"
  }
},
{
  "model": "cmdb.operateaudit",
  "pk": 65,
  "fields": {
    "operate_time": "2016-12-28T17:55:45.823",
    "operater": "cmdb",
    "action": "\u65b0\u589e",
    "model_name": "\u4e3b\u673a",
    "operate_data": "\u5200\u7247\u670d\u52a1\u56681:bejhost0023",
    "object_pk": "100123"
  }
},
{
  "model": "cmdb.operateaudit",
  "pk": 66,
  "fields": {
    "operate_time": "2016-12-29T09:39:55.891",
    "operater": "user",
    "action": "\u65b0\u589e",
    "model_name": "\u7f51\u7edc\u8bbe\u5907",
    "operate_data": "None",
    "object_pk": "0"
  }
},
{
  "model": "cmdb.operateaudit",
  "pk": 67,
  "fields": {
    "operate_time": "2016-12-29T09:56:57.195",
    "operater": "user",
    "action": "\u65b0\u589e",
    "model_name": "\u7f51\u7edc\u8bbe\u5907",
    "operate_data": "\u4ea4\u6362\u673a sz-cisco",
    "object_pk": "10042"
  }
},
{
  "model": "cmdb.operateaudit",
  "pk": 68,
  "fields": {
    "operate_time": "2016-12-29T09:57:37.753",
    "operater": "user",
    "action": "\u65b0\u589e",
    "model_name": "\u7f51\u7edc\u8bbe\u5907\u677f\u5361",
    "operate_data": "sz-cisco:card0",
    "object_pk": "10041"
  }
},
{
  "model": "cmdb.operateaudit",
  "pk": 69,
  "fields": {
    "operate_time": "2016-12-29T09:58:02.035",
    "operater": "user",
    "action": "\u7f16\u8f91",
    "model_name": "\u7aef\u53e3\u5217\u8868",
    "operate_data": "s1/1(sz-cisco:card0)",
    "object_pk": "10041"
  }
},
{
  "model": "cmdb.operateaudit",
  "pk": 70,
  "fields": {
    "operate_time": "2016-12-29T09:58:12.539",
    "operater": "user",
    "action": "\u7f16\u8f91",
    "model_name": "\u7aef\u53e3\u5217\u8868",
    "operate_data": "s1/2(sz-cisco:card0)",
    "object_pk": "10042"
  }
},
{
  "model": "cmdb.operateaudit",
  "pk": 71,
  "fields": {
    "operate_time": "2016-12-29T09:58:32.147",
    "operater": "user",
    "action": "\u7f16\u8f91",
    "model_name": "\u7aef\u53e3\u5217\u8868",
    "operate_data": "s1/3(sz-cisco:card0)",
    "object_pk": "10043"
  }
},
{
  "model": "cmdb.operateaudit",
  "pk": 72,
  "fields": {
    "operate_time": "2016-12-29T09:58:33.972",
    "operater": "user",
    "action": "\u7f16\u8f91",
    "model_name": "\u7aef\u53e3\u5217\u8868",
    "operate_data": "s1/4(sz-cisco:card0)",
    "object_pk": "10044"
  }
},
{
  "model": "cmdb.operateaudit",
  "pk": 73,
  "fields": {
    "operate_time": "2016-12-29T10:06:42.052",
    "operater": "user",
    "action": "\u65b0\u589e",
    "model_name": "\u7aef\u53e3\u6620\u5c04",
    "operate_data": "s1/1(sz-cisco:card0)",
    "object_pk": "10041"
  }
},
{
  "model": "cmdb.operateaudit",
  "pk": 74,
  "fields": {
    "operate_time": "2016-12-29T10:07:56.564",
    "operater": "user",
    "action": "\u65b0\u589e",
    "model_name": "\u7f51\u7edc\u8bbe\u5907",
    "operate_data": "None",
    "object_pk": "0"
  }
},
{
  "model": "cmdb.operateaudit",
  "pk": 75,
  "fields": {
    "operate_time": "2016-12-29T10:11:56.763",
    "operater": "user",
    "action": "\u65b0\u589e",
    "model_name": "\u7f51\u7edc\u8bbe\u5907",
    "operate_data": "None",
    "object_pk": "0"
  }
},
{
  "model": "cmdb.operateaudit",
  "pk": 76,
  "fields": {
    "operate_time": "2016-12-29T10:14:34.625",
    "operater": "user",
    "action": "\u65b0\u589e",
    "model_name": "\u7f51\u7edc\u8bbe\u5907",
    "operate_data": "None",
    "object_pk": "0"
  }
},
{
  "model": "cmdb.operateaudit",
  "pk": 77,
  "fields": {
    "operate_time": "2016-12-29T10:16:04.739",
    "operater": "user",
    "action": "\u65b0\u589e",
    "model_name": "\u7f51\u7edc\u8bbe\u5907",
    "operate_data": "None",
    "object_pk": "0"
  }
},
{
  "model": "cmdb.operateaudit",
  "pk": 78,
  "fields": {
    "operate_time": "2016-12-29T10:16:31.515",
    "operater": "user",
    "action": "\u65b0\u589e",
    "model_name": "\u7f51\u7edc\u8bbe\u5907",
    "operate_data": "None",
    "object_pk": "0"
  }
},
{
  "model": "cmdb.operateaudit",
  "pk": 79,
  "fields": {
    "operate_time": "2016-12-29T10:20:25.130",
    "operater": "user",
    "action": "\u65b0\u589e",
    "model_name": "\u7f51\u7edc\u8bbe\u5907",
    "operate_data": "\u8def\u7531\u5668 sz-cisco101",
    "object_pk": "10043"
  }
},
{
  "model": "cmdb.operateaudit",
  "pk": 80,
  "fields": {
    "operate_time": "2016-12-29T10:20:48.460",
    "operater": "user",
    "action": "\u65b0\u589e",
    "model_name": "\u7f51\u7edc\u8bbe\u5907",
    "operate_data": "\u8def\u7531\u5668 sz-cisco102",
    "object_pk": "10044"
  }
},
{
  "model": "cmdb.operateaudit",
  "pk": 81,
  "fields": {
    "operate_time": "2016-12-29T10:20:53.697",
    "operater": "user",
    "action": "\u65b0\u589e",
    "model_name": "\u7f51\u7edc\u8bbe\u5907",
    "operate_data": "None",
    "object_pk": "0"
  }
},
{
  "model": "cmdb.operateaudit",
  "pk": 82,
  "fields": {
    "operate_time": "2016-12-29T10:21:00.211",
    "operater": "user",
    "action": "\u65b0\u589e",
    "model_name": "\u7f51\u7edc\u8bbe\u5907",
    "operate_data": "\u8def\u7531\u5668 sz-cisco103",
    "object_pk": "10045"
  }
},
{
  "model": "cmdb.operateaudit",
  "pk": 83,
  "fields": {
    "operate_time": "2016-12-29T10:21:10.152",
    "operater": "user",
    "action": "\u65b0\u589e",
    "model_name": "\u7f51\u7edc\u8bbe\u5907",
    "operate_data": "None",
    "object_pk": "0"
  }
},
{
  "model": "cmdb.operateaudit",
  "pk": 84,
  "fields": {
    "operate_time": "2016-12-29T10:21:15.097",
    "operater": "user",
    "action": "\u65b0\u589e",
    "model_name": "\u7f51\u7edc\u8bbe\u5907",
    "operate_data": "\u8def\u7531\u5668 sz-cisco104",
    "object_pk": "10046"
  }
},
{
  "model": "cmdb.operateaudit",
  "pk": 85,
  "fields": {
    "operate_time": "2016-12-29T10:21:46.448",
    "operater": "user",
    "action": "\u65b0\u589e",
    "model_name": "\u7f51\u7edc\u8bbe\u5907\u677f\u5361",
    "operate_data": "sz-cisco101:c0",
    "object_pk": "10042"
  }
},
{
  "model": "cmdb.operateaudit",
  "pk": 86,
  "fields": {
    "operate_time": "2016-12-29T10:22:09.353",
    "operater": "user",
    "action": "\u65b0\u589e",
    "model_name": "\u7aef\u53e3\u6620\u5c04",
    "operate_data": "c0/1(sz-cisco101:c0)",
    "object_pk": "10042"
  }
},
{
  "model": "cmdb.operateaudit",
  "pk": 87,
  "fields": {
    "operate_time": "2016-12-29T10:22:56.060",
    "operater": "user",
    "action": "\u5220\u9664",
    "model_name": "\u7aef\u53e3\u6620\u5c04",
    "operate_data": "s1/1(sz-cisco:card0)",
    "object_pk": "10041"
  }
},
{
  "model": "cmdb.operateaudit",
  "pk": 88,
  "fields": {
    "operate_time": "2016-12-29T10:23:48.929",
    "operater": "user",
    "action": "\u65b0\u589e",
    "model_name": "\u7aef\u53e3\u6620\u5c04",
    "operate_data": "None",
    "object_pk": "0"
  }
},
{
  "model": "cmdb.operateaudit",
  "pk": 89,
  "fields": {
    "operate_time": "2016-12-29T10:24:23.976",
    "operater": "user",
    "action": "\u65b0\u589e",
    "model_name": "\u7aef\u53e3\u6620\u5c04",
    "operate_data": "None",
    "object_pk": "0"
  }
},
{
  "model": "cmdb.operateaudit",
  "pk": 90,
  "fields": {
    "operate_time": "2016-12-29T10:25:06.038",
    "operater": "user",
    "action": "\u65b0\u589e",
    "model_name": "\u7aef\u53e3\u6620\u5c04",
    "operate_data": "s1/1(sz-cisco:card0)",
    "object_pk": "10043"
  }
},
{
  "model": "cmdb.operateaudit",
  "pk": 91,
  "fields": {
    "operate_time": "2016-12-29T10:28:15.558",
    "operater": "user",
    "action": "\u65b0\u589e",
    "model_name": "\u7aef\u53e3\u6620\u5c04",
    "operate_data": "None",
    "object_pk": "0"
  }
},
{
  "model": "cmdb.operateaudit",
  "pk": 92,
  "fields": {
    "operate_time": "2016-12-29T10:28:56.018",
    "operater": "user",
    "action": "\u65b0\u589e",
    "model_name": "\u7aef\u53e3\u6620\u5c04",
    "operate_data": "None",
    "object_pk": "0"
  }
},
{
  "model": "cmdb.operateaudit",
  "pk": 93,
  "fields": {
    "operate_time": "2016-12-29T10:30:16.221",
    "operater": "user",
    "action": "\u65b0\u589e",
    "model_name": "\u7aef\u53e3\u6620\u5c04",
    "operate_data": "None",
    "object_pk": "0"
  }
},
{
  "model": "cmdb.operateaudit",
  "pk": 94,
  "fields": {
    "operate_time": "2016-12-29T10:35:32.968",
    "operater": "user",
    "action": "\u65b0\u589e",
    "model_name": "\u7aef\u53e3\u6620\u5c04",
    "operate_data": "None",
    "object_pk": "0"
  }
},
{
  "model": "cmdb.operateaudit",
  "pk": 95,
  "fields": {
    "operate_time": "2016-12-29T10:48:42.220",
    "operater": "user",
    "action": "\u65b0\u589e",
    "model_name": "\u7aef\u53e3\u6620\u5c04",
    "operate_data": "None",
    "object_pk": "0"
  }
},
{
  "model": "cmdb.operateaudit",
  "pk": 96,
  "fields": {
    "operate_time": "2016-12-29T11:42:04.291",
    "operater": "user",
    "action": "\u65b0\u589e",
    "model_name": "\u4e3b\u673a",
    "operate_data": "\u64cd\u4f5c\u672a\u6210\u529f",
    "object_pk": "10041"
  }
},
{
  "model": "cmdb.operateaudit",
  "pk": 97,
  "fields": {
    "operate_time": "2016-12-29T11:42:27.410",
    "operater": "user",
    "action": "\u65b0\u589e",
    "model_name": "CPU\u5185\u5b58",
    "operate_data": "\u64cd\u4f5c\u672a\u6210\u529f",
    "object_pk": "10041"
  }
},
{
  "model": "cmdb.operateaudit",
  "pk": 98,
  "fields": {
    "operate_time": "2016-12-29T11:42:47.160",
    "operater": "user",
    "action": "\u65b0\u589e",
    "model_name": "\u4e3b\u673aIP\u914d\u7f6e",
    "operate_data": "\u64cd\u4f5c\u672a\u6210\u529f",
    "object_pk": "10041"
  }
},
{
  "model": "cmdb.operateaudit",
  "pk": 99,
  "fields": {
    "operate_time": "2016-12-29T11:43:29.181",
    "operater": "user",
    "action": "\u65b0\u589e",
    "model_name": "\u4e3b\u673a\u677f\u5361",
    "operate_data": "\u64cd\u4f5c\u672a\u6210\u529f",
    "object_pk": "10041"
  }
},
{
  "model": "cmdb.operateaudit",
  "pk": 100,
  "fields": {
    "operate_time": "2016-12-29T11:46:04.170",
    "operater": "user",
    "action": "\u65b0\u589e",
    "model_name": "\u4e3b\u673a\u5b58\u50a8",
    "operate_data": "\u64cd\u4f5c\u672a\u6210\u529f",
    "object_pk": "10041"
  }
},
{
  "model": "cmdb.operateaudit",
  "pk": 101,
  "fields": {
    "operate_time": "2016-12-29T11:46:21.699",
    "operater": "user",
    "action": "\u65b0\u589e",
    "model_name": "\u5b58\u50a8LV",
    "operate_data": "\u64cd\u4f5c\u672a\u6210\u529f",
    "object_pk": "10041"
  }
},
{
  "model": "cmdb.operateaudit",
  "pk": 102,
  "fields": {
    "operate_time": "2016-12-29T11:46:50.020",
    "operater": "user",
    "action": "\u65b0\u589e",
    "model_name": "\u5b58\u50a8PV",
    "operate_data": "\u64cd\u4f5c\u672a\u6210\u529f",
    "object_pk": "10041"
  }
},
{
  "model": "cmdb.operateaudit",
  "pk": 103,
  "fields": {
    "operate_time": "2016-12-29T12:26:21.528",
    "operater": "user",
    "action": "\u65b0\u589e",
    "model_name": "\u4e3b\u673a",
    "operate_data": "PC\u670d\u52a1\u5668:sz-host02",
    "object_pk": "10042"
  }
},
{
  "model": "cmdb.operateaudit",
  "pk": 104,
  "fields": {
    "operate_time": "2016-12-29T13:47:19.808",
    "operater": "user",
    "action": "\u65b0\u589e",
    "model_name": "\u670d\u52a1\u5668\u8d44\u4ea7",
    "operate_data": "PC\u670d\u52a1\u5668:sn0292813048",
    "object_pk": "10041"
  }
},
{
  "model": "cmdb.operateaudit",
  "pk": 105,
  "fields": {
    "operate_time": "2016-12-29T13:47:50.290",
    "operater": "user",
    "action": "\u7f16\u8f91",
    "model_name": "\u670d\u52a1\u5668\u8d44\u4ea7",
    "operate_data": "PC\u670d\u52a1\u5668:sn0292813048",
    "object_pk": "10041"
  }
},
{
  "model": "cmdb.operateaudit",
  "pk": 106,
  "fields": {
    "operate_time": "2016-12-29T13:48:19.017",
    "operater": "user",
    "action": "\u65b0\u589e",
    "model_name": "\u670d\u52a1\u5668\u8d44\u4ea7",
    "operate_data": "\u64cd\u4f5c\u672a\u6210\u529f",
    "object_pk": "0"
  }
},
{
  "model": "cmdb.operateaudit",
  "pk": 107,
  "fields": {
    "operate_time": "2016-12-29T13:48:25.193",
    "operater": "user",
    "action": "\u65b0\u589e",
    "model_name": "\u670d\u52a1\u5668\u8d44\u4ea7",
    "operate_data": "\u64cd\u4f5c\u672a\u6210\u529f",
    "object_pk": "0"
  }
},
{
  "model": "cmdb.operateaudit",
  "pk": 108,
  "fields": {
    "operate_time": "2016-12-29T13:48:30.931",
    "operater": "user",
    "action": "\u65b0\u589e",
    "model_name": "\u670d\u52a1\u5668\u8d44\u4ea7",
    "operate_data": "\u64cd\u4f5c\u672a\u6210\u529f",
    "object_pk": "0"
  }
},
{
  "model": "cmdb.operateaudit",
  "pk": 109,
  "fields": {
    "operate_time": "2016-12-29T13:48:37.620",
    "operater": "user",
    "action": "\u65b0\u589e",
    "model_name": "\u670d\u52a1\u5668\u8d44\u4ea7",
    "operate_data": "\u5200\u7247\u670d\u52a1\u5668:sn0292813043",
    "object_pk": "10042"
  }
},
{
  "model": "cmdb.operateaudit",
  "pk": 110,
  "fields": {
    "operate_time": "2016-12-29T13:49:23.587",
    "operater": "user",
    "action": "\u65b0\u589e",
    "model_name": "\u4e3b\u673a",
    "operate_data": "\u5200\u7247\u670d\u52a1\u5668:sz-host03",
    "object_pk": "10043"
  }
},
{
  "model": "cmdb.operateaudit",
  "pk": 111,
  "fields": {
    "operate_time": "2016-12-29T13:51:10.448",
    "operater": "user",
    "action": "\u7f16\u8f91",
    "model_name": "\u670d\u52a1\u5668\u8d44\u4ea7",
    "operate_data": "\u5200\u7247\u670d\u52a1\u5668:sn0292813043",
    "object_pk": "10042"
  }
},
{
  "model": "cmdb.operateaudit",
  "pk": 112,
  "fields": {
    "operate_time": "2016-12-29T13:54:51.666",
    "operater": "user",
    "action": "\u65b0\u589e",
    "model_name": "\u7f51\u7edc\u8bbe\u5907\u8054\u7cfb\u4eba",
    "operate_data": "\u5f20\u4e09",
    "object_pk": "10041"
  }
},
{
  "model": "cmdb.operateaudit",
  "pk": 113,
  "fields": {
    "operate_time": "2016-12-29T13:55:19.086",
    "operater": "user",
    "action": "\u65b0\u589e",
    "model_name": "\u7aef\u53e3\u6620\u5c04",
    "operate_data": "\u64cd\u4f5c\u672a\u6210\u529f",
    "object_pk": "0"
  }
},
{
  "model": "cmdb.operateaudit",
  "pk": 114,
  "fields": {
    "operate_time": "2016-12-29T13:57:02.288",
    "operater": "user",
    "action": "\u65b0\u589e",
    "model_name": "CPU\u5185\u5b58",
    "operate_data": "sz-host03:2C,8G",
    "object_pk": "10042"
  }
},
{
  "model": "cmdb.operateaudit",
  "pk": 115,
  "fields": {
    "operate_time": "2016-12-29T13:58:06.794",
    "operater": "user",
    "action": "\u65b0\u589e",
    "model_name": "\u4e3b\u673aIP\u914d\u7f6e",
    "operate_data": "sz-host03:192.168.2.123(\u670d\u52a1IP)",
    "object_pk": "10042"
  }
},
{
  "model": "cmdb.operateaudit",
  "pk": 116,
  "fields": {
    "operate_time": "2016-12-29T14:00:42.845",
    "operater": "user",
    "action": "\u65b0\u589e",
    "model_name": "\u4e3b\u673aIP\u914d\u7f6e",
    "operate_data": "sz-host03:192.168.2.124(\u7269\u7406IP)",
    "object_pk": "10043"
  }
},
{
  "model": "cmdb.operateaudit",
  "pk": 117,
  "fields": {
    "operate_time": "2016-12-29T14:40:29.837",
    "operater": "user",
    "action": "\u5220\u9664",
    "model_name": "\u5ba2\u6237\u4fe1\u606f\u8868",
    "operate_data": "1008:\u592a\u539f\u94f6\u884c",
    "object_pk": "10020"
  }
},
{
  "model": "cmdb.operateaudit",
  "pk": 118,
  "fields": {
    "operate_time": "2016-12-29T14:46:24.504",
    "operater": "user",
    "action": "\u5220\u9664",
    "model_name": "\u6570\u636e\u5907\u4efd",
    "operate_data": "\u5907\u4efd\u96c6 cmdb_20161227163718",
    "object_pk": "127"
  }
},
{
  "model": "cmdb.operateaudit",
  "pk": 119,
  "fields": {
    "operate_time": "2016-12-29T14:56:42.761",
    "operater": "user",
    "action": "\u65b0\u589e",
    "model_name": "\u6570\u636e\u5907\u4efd",
    "operate_data": "\u5907\u4efd\u96c6 cmdb_20161229145642",
    "object_pk": "132"
  }
},
{
  "model": "cmdb.operateaudit",
  "pk": 120,
  "fields": {
    "operate_time": "2016-12-29T14:57:06.464",
    "operater": "user",
    "action": "\u5220\u9664",
    "model_name": "\u6570\u636e\u5907\u4efd",
    "operate_data": "\u5907\u4efd\u96c6 cmdb_20161229145642",
    "object_pk": "132"
  }
},
{
  "model": "cmdb.operateaudit",
  "pk": 121,
  "fields": {
    "operate_time": "2016-12-29T14:57:30.415",
    "operater": "user",
    "action": "\u5220\u9664",
    "model_name": "\u5ba2\u6237\u4fe1\u606f\u8868",
    "operate_data": "1007:\u6a21\u62df\u94f6\u884c",
    "object_pk": "10019"
  }
},
{
  "model": "cmdb.operateaudit",
  "pk": 122,
  "fields": {
    "operate_time": "2016-12-29T15:01:10.013",
    "operater": "user",
    "action": "\u65b0\u589e",
    "model_name": "\u6570\u636e\u5907\u4efd",
    "operate_data": "\u5907\u4efd\u96c6 cmdb_20161229150109",
    "object_pk": "134"
  }
},
{
  "model": "cmdb.operateaudit",
  "pk": 123,
  "fields": {
    "operate_time": "2016-12-29T15:06:24.024",
    "operater": "user",
    "action": "\u6062\u590d\u6570\u636e",
    "model_name": "\u6570\u636e\u5907\u4efd",
    "operate_data": "\u5907\u4efd\u96c6 cmdb_20161229150109",
    "object_pk": "134"
  }
},
{
  "model": "cmdb.operateaudit",
  "pk": 124,
  "fields": {
    "operate_time": "2016-12-29T15:26:04.013",
    "operater": "user",
    "action": "\u65b0\u589e",
    "model_name": "\u4e3b\u673aIP\u914d\u7f6e",
    "operate_data": "zmt_host001:192.168.2.123(\u670d\u52a1IP)",
    "object_pk": "10021"
  }
},
{
  "model": "cmdb.operateaudit",
  "pk": 125,
  "fields": {
    "operate_time": "2016-12-29T15:36:44.668",
    "operater": "user",
    "action": "\u65b0\u589e",
    "model_name": "\u4e3b\u673aIP\u914d\u7f6e",
    "operate_data": "zmt_host001:192.168.2.124(\u7269\u7406IP)",
    "object_pk": "10022"
  }
},
{
  "model": "cmdb.operateaudit",
  "pk": 126,
  "fields": {
    "operate_time": "2016-12-29T15:43:37.309",
    "operater": "user",
    "action": "\u65b0\u589e",
    "model_name": "\u4e3b\u673aIP\u914d\u7f6e",
    "operate_data": "zmt_host001:192.168.2.123(\u670d\u52a1IP)",
    "object_pk": "10023"
  }
},
{
  "model": "cmdb.operateaudit",
  "pk": 127,
  "fields": {
    "operate_time": "2016-12-29T15:46:16.642",
    "operater": "user",
    "action": "\u5220\u9664",
    "model_name": "\u4e3b\u673aIP\u914d\u7f6e",
    "operate_data": "zmt_host001:192.168.2.123(\u670d\u52a1IP)",
    "object_pk": "10021"
  }
},
{
  "model": "cmdb.operateaudit",
  "pk": 128,
  "fields": {
    "operate_time": "2016-12-29T15:46:29.226",
    "operater": "user",
    "action": "\u65b0\u589e",
    "model_name": "\u4e3b\u673aIP\u914d\u7f6e",
    "operate_data": "zmt_host001:192.168.2.123(\u670d\u52a1IP)",
    "object_pk": "10024"
  }
},
{
  "model": "cmdb.operateaudit",
  "pk": 129,
  "fields": {
    "operate_time": "2016-12-29T15:51:42.236",
    "operater": "user",
    "action": "\u65b0\u589e",
    "model_name": "\u4e3b\u673a\u677f\u5361",
    "operate_data": "zmt_host001:\u7f51\u5361",
    "object_pk": "10021"
  }
},
{
  "model": "cmdb.operateaudit",
  "pk": 130,
  "fields": {
    "operate_time": "2016-12-29T15:52:04.530",
    "operater": "user",
    "action": "\u65b0\u589e",
    "model_name": "\u4e3b\u673a\u5b58\u50a8",
    "operate_data": "zmt_host001:vg001",
    "object_pk": "10021"
  }
},
{
  "model": "cmdb.operateaudit",
  "pk": 131,
  "fields": {
    "operate_time": "2016-12-29T15:52:18.213",
    "operater": "user",
    "action": "\u65b0\u589e",
    "model_name": "\u5b58\u50a8LV",
    "operate_data": "vg001:lv001",
    "object_pk": "10021"
  }
},
{
  "model": "cmdb.operateaudit",
  "pk": 132,
  "fields": {
    "operate_time": "2016-12-29T15:52:28.923",
    "operater": "user",
    "action": "\u65b0\u589e",
    "model_name": "\u5b58\u50a8PV",
    "operate_data": "vg001:pv02938",
    "object_pk": "10021"
  }
},
{
  "model": "cmdb.operateaudit",
  "pk": 133,
  "fields": {
    "operate_time": "2016-12-29T15:53:18.307",
    "operater": "user",
    "action": "\u65b0\u589e",
    "model_name": "\u670d\u52a1\u5668\u8d44\u4ea7",
    "operate_data": "PC\u670d\u52a1\u5668:ad324sds24",
    "object_pk": "10026"
  }
},
{
  "model": "cmdb.operateaudit",
  "pk": 134,
  "fields": {
    "operate_time": "2016-12-29T16:18:14.515",
    "operater": "user",
    "action": "\u65b0\u589e",
    "model_name": "\u4e3b\u673aIP\u914d\u7f6e",
    "operate_data": "zmt_host001:192.168.2.123(\u670d\u52a1IP)",
    "object_pk": "10025"
  }
},
{
  "model": "cmdb.operateaudit",
  "pk": 135,
  "fields": {
    "operate_time": "2016-12-29T16:19:12.257",
    "operater": "user",
    "action": "\u5220\u9664",
    "model_name": "\u4e3b\u673aIP\u914d\u7f6e",
    "operate_data": "zmt_host001:192.168.2.124(\u7269\u7406IP)",
    "object_pk": "10022"
  }
},
{
  "model": "cmdb.operateaudit",
  "pk": 136,
  "fields": {
    "operate_time": "2016-12-29T16:19:18.561",
    "operater": "user",
    "action": "\u65b0\u589e",
    "model_name": "\u4e3b\u673aIP\u914d\u7f6e",
    "operate_data": "zmt_host001:192.168.2.123(\u670d\u52a1IP)",
    "object_pk": "10026"
  }
},
{
  "model": "cmdb.operateaudit",
  "pk": 137,
  "fields": {
    "operate_time": "2016-12-29T16:21:28.258",
    "operater": "user",
    "action": "\u7f16\u8f91",
    "model_name": "\u4e3b\u673aIP\u914d\u7f6e",
    "operate_data": "zmt_host001:192.168.2.123(\u670d\u52a1IP)",
    "object_pk": "10026"
  }
},
{
  "model": "cmdb.operateaudit",
  "pk": 138,
  "fields": {
    "operate_time": "2016-12-29T16:23:00.953",
    "operater": "user",
    "action": "\u5220\u9664",
    "model_name": "\u4e3b\u673aIP\u914d\u7f6e",
    "operate_data": "zmt_host001:192.168.2.123(\u670d\u52a1IP)",
    "object_pk": "10023"
  }
},
{
  "model": "cmdb.operateaudit",
  "pk": 139,
  "fields": {
    "operate_time": "2016-12-29T16:23:02.987",
    "operater": "user",
    "action": "\u5220\u9664",
    "model_name": "\u4e3b\u673aIP\u914d\u7f6e",
    "operate_data": "zmt_host001:192.168.2.123(\u670d\u52a1IP)",
    "object_pk": "10024"
  }
},
{
  "model": "cmdb.operateaudit",
  "pk": 140,
  "fields": {
    "operate_time": "2016-12-29T16:23:11.730",
    "operater": "user",
    "action": "\u7f16\u8f91",
    "model_name": "\u4e3b\u673aIP\u914d\u7f6e",
    "operate_data": "zmt_host001:192.168.2.123(\u670d\u52a1IP)",
    "object_pk": "10026"
  }
},
{
  "model": "cmdb.operateaudit",
  "pk": 141,
  "fields": {
    "operate_time": "2016-12-29T16:24:01.606",
    "operater": "user",
    "action": "\u7f16\u8f91",
    "model_name": "\u4e3b\u673aIP\u914d\u7f6e",
    "operate_data": "zmt_host001:192.168.2.123(\u670d\u52a1IP)",
    "object_pk": "10026"
  }
},
{
  "model": "cmdb.operateaudit",
  "pk": 142,
  "fields": {
    "operate_time": "2016-12-29T16:24:40.500",
    "operater": "user",
    "action": "\u7f16\u8f91",
    "model_name": "\u4e3b\u673aIP\u914d\u7f6e",
    "operate_data": "zmt_host001:192.168.2.123(\u670d\u52a1IP)",
    "object_pk": "10026"
  }
},
{
  "model": "cmdb.operateaudit",
  "pk": 143,
  "fields": {
    "operate_time": "2016-12-29T16:27:38.087",
    "operater": "user",
    "action": "\u7f16\u8f91",
    "model_name": "\u5b89\u88c5\u8f6f\u4ef6",
    "operate_data": "zmt_host001:RHEL",
    "object_pk": "10022"
  }
},
{
  "model": "cmdb.operateaudit",
  "pk": 144,
  "fields": {
    "operate_time": "2016-12-29T16:28:38.998",
    "operater": "user",
    "action": "\u7f16\u8f91",
    "model_name": "\u5b89\u88c5\u8f6f\u4ef6",
    "operate_data": "zmt_host001:RHEL",
    "object_pk": "10022"
  }
},
{
  "model": "cmdb.operateaudit",
  "pk": 145,
  "fields": {
    "operate_time": "2016-12-29T16:30:21.857",
    "operater": "user",
    "action": "\u7f16\u8f91",
    "model_name": "\u5b89\u88c5\u8f6f\u4ef6",
    "operate_data": "zmt_host001:AIX",
    "object_pk": "10022"
  }
},
{
  "model": "cmdb.operateaudit",
  "pk": 146,
  "fields": {
    "operate_time": "2016-12-29T16:30:31.829",
    "operater": "user",
    "action": "\u7f16\u8f91",
    "model_name": "\u4e3b\u673aIP\u914d\u7f6e",
    "operate_data": "zmt_host001:192.168.2.123(\u670d\u52a1IP)",
    "object_pk": "10026"
  }
},
{
  "model": "cmdb.operateaudit",
  "pk": 147,
  "fields": {
    "operate_time": "2016-12-29T16:30:38.628",
    "operater": "user",
    "action": "\u7f16\u8f91",
    "model_name": "\u4e3b\u673aIP\u914d\u7f6e",
    "operate_data": "zmt_host001:192.168.2.123(\u670d\u52a1IP)",
    "object_pk": "10026"
  }
},
{
  "model": "cmdb.operateaudit",
  "pk": 148,
  "fields": {
    "operate_time": "2016-12-29T16:30:54.756",
    "operater": "user",
    "action": "\u7f16\u8f91",
    "model_name": "\u4e3b\u673aIP\u914d\u7f6e",
    "operate_data": "zmt_host001:192.168.2.124(\u670d\u52a1IP)",
    "object_pk": "10026"
  }
},
{
  "model": "cmdb.operateaudit",
  "pk": 149,
  "fields": {
    "operate_time": "2016-12-29T16:31:38.281",
    "operater": "user",
    "action": "\u65b0\u589e",
    "model_name": "\u4e3b\u673a",
    "operate_data": "\u5200\u7247\u670d\u52a1\u5668:host002",
    "object_pk": "10024"
  }
},
{
  "model": "cmdb.operateaudit",
  "pk": 150,
  "fields": {
    "operate_time": "2016-12-29T16:31:54.082",
    "operater": "user",
    "action": "\u65b0\u589e",
    "model_name": "\u4e3b\u673aIP\u914d\u7f6e",
    "operate_data": "host002:192.168.2.124(\u670d\u52a1IP)",
    "object_pk": "10027"
  }
},
{
  "model": "cmdb.operateaudit",
  "pk": 151,
  "fields": {
    "operate_time": "2016-12-29T16:35:32.966",
    "operater": "user",
    "action": "\u5220\u9664",
    "model_name": "\u4e3b\u673aIP\u914d\u7f6e",
    "operate_data": "host002:192.168.2.124(\u670d\u52a1IP)",
    "object_pk": "10027"
  }
},
{
  "model": "cmdb.operateaudit",
  "pk": 152,
  "fields": {
    "operate_time": "2016-12-29T16:35:39.373",
    "operater": "user",
    "action": "\u65b0\u589e",
    "model_name": "\u4e3b\u673aIP\u914d\u7f6e",
    "operate_data": "\u64cd\u4f5c\u672a\u6210\u529f",
    "object_pk": "0"
  }
},
{
  "model": "cmdb.operateaudit",
  "pk": 153,
  "fields": {
    "operate_time": "2016-12-29T16:37:17.632",
    "operater": "user",
    "action": "\u65b0\u589e",
    "model_name": "\u4e3b\u673aIP\u914d\u7f6e",
    "operate_data": "\u64cd\u4f5c\u672a\u6210\u529f",
    "object_pk": "0"
  }
},
{
  "model": "cmdb.operateaudit",
  "pk": 154,
  "fields": {
    "operate_time": "2016-12-29T16:39:39.261",
    "operater": "user",
    "action": "\u65b0\u589e",
    "model_name": "\u4e3b\u673aIP\u914d\u7f6e",
    "operate_data": "host002:192.168.2.122(\u670d\u52a1IP)",
    "object_pk": "100211"
  }
},
{
  "model": "cmdb.operateaudit",
  "pk": 155,
  "fields": {
    "operate_time": "2016-12-29T16:40:26.001",
    "operater": "user",
    "action": "\u65b0\u589e",
    "model_name": "\u4e3b\u673aIP\u914d\u7f6e",
    "operate_data": "host002:192.168.2.120(\u670d\u52a1IP)",
    "object_pk": "100212"
  }
},
{
  "model": "cmdb.operateaudit",
  "pk": 156,
  "fields": {
    "operate_time": "2016-12-29T16:47:51.298",
    "operater": "user",
    "action": "\u65b0\u589e",
    "model_name": "\u7f51\u7edc\u8bbe\u5907\u677f\u5361",
    "operate_data": "zmtcisco002:card0",
    "object_pk": "10021"
  }
},
{
  "model": "cmdb.operateaudit",
  "pk": 157,
  "fields": {
    "operate_time": "2016-12-29T16:48:14.324",
    "operater": "user",
    "action": "\u65b0\u589e",
    "model_name": "\u7aef\u53e3\u6620\u5c04",
    "operate_data": "1(zmtcisco002:card0)",
    "object_pk": "10021"
  }
},
{
  "model": "cmdb.operateaudit",
  "pk": 158,
  "fields": {
    "operate_time": "2016-12-29T16:48:55.670",
    "operater": "user",
    "action": "\u65b0\u589e",
    "model_name": "\u7aef\u53e3\u6620\u5c04",
    "operate_data": "2(zmtcisco002:card0)",
    "object_pk": "10022"
  }
},
{
  "model": "cmdb.operateaudit",
  "pk": 159,
  "fields": {
    "operate_time": "2016-12-29T16:49:14.444",
    "operater": "user",
    "action": "\u7f16\u8f91",
    "model_name": "\u7aef\u53e3\u6620\u5c04",
    "operate_data": "2(zmtcisco002:card0)",
    "object_pk": "10022"
  }
},
{
  "model": "cmdb.operateaudit",
  "pk": 160,
  "fields": {
    "operate_time": "2016-12-29T16:52:15.156",
    "operater": "user",
    "action": "\u5220\u9664",
    "model_name": "\u7aef\u53e3\u5217\u8868",
    "operate_data": "2\r(zmt_host001:\u7f51\u5361)",
    "object_pk": "10022"
  }
},
{
  "model": "cmdb.operateaudit",
  "pk": 161,
  "fields": {
    "operate_time": "2016-12-29T16:55:00.838",
    "operater": "user",
    "action": "\u65b0\u589e",
    "model_name": "\u7aef\u53e3\u5217\u8868",
    "operate_data": "2(zmt_host001:\u7f51\u5361)",
    "object_pk": "0"
  }
},
{
  "model": "cmdb.operateaudit",
  "pk": 162,
  "fields": {
    "operate_time": "2016-12-29T17:01:08.704",
    "operater": "user",
    "action": "\u65b0\u589e",
    "model_name": "\u7aef\u53e3\u5217\u8868",
    "operate_data": "2(zmt_host001:\u7f51\u5361)",
    "object_pk": "0"
  }
},
{
  "model": "cmdb.operateaudit",
  "pk": 163,
  "fields": {
    "operate_time": "2016-12-29T17:07:12.847",
    "operater": "user",
    "action": "\u65b0\u589e",
    "model_name": "\u7aef\u53e3\u5217\u8868",
    "operate_data": "2(zmt_host001:\u7f51\u5361)",
    "object_pk": "10027"
  }
},
{
  "model": "cmdb.operateaudit",
  "pk": 164,
  "fields": {
    "operate_time": "2016-12-29T17:15:36.237",
    "operater": "user",
    "action": "\u65b0\u589e",
    "model_name": "\u7aef\u53e3\u6620\u5c04",
    "operate_data": "3(zmtcisco002:card0)",
    "object_pk": "10023"
  }
},
{
  "model": "cmdb.operateaudit",
  "pk": 165,
  "fields": {
    "operate_time": "2016-12-29T17:27:09.376",
    "operater": "user",
    "action": "\u65b0\u589e",
    "model_name": "\u7f51\u7edc\u8bbe\u5907\u8054\u7cfb\u4eba",
    "operate_data": "\u5f20\u4e09",
    "object_pk": "10021"
  }
},
{
  "model": "cmdb.operateaudit",
  "pk": 166,
  "fields": {
    "operate_time": "2016-12-29T17:32:27.293",
    "operater": "user",
    "action": "\u65b0\u589e",
    "model_name": "\u7f51\u7edc\u8bbe\u5907\u677f\u5361",
    "operate_data": "eq098192884:c1",
    "object_pk": "10022"
  }
},
{
  "model": "cmdb.operateaudit",
  "pk": 167,
  "fields": {
    "operate_time": "2016-12-29T17:35:33.401",
    "operater": "user",
    "action": "\u65b0\u589e",
    "model_name": "\u7aef\u53e3\u5217\u8868",
    "operate_data": "4(zmt_host001:\u7f51\u5361)",
    "object_pk": "100211"
  }
},
{
  "model": "cmdb.operateaudit",
  "pk": 168,
  "fields": {
    "operate_time": "2016-12-29T17:35:48.909",
    "operater": "user",
    "action": "\u65b0\u589e",
    "model_name": "\u7aef\u53e3\u5217\u8868",
    "operate_data": "5(zmt_host001:\u7f51\u5361)",
    "object_pk": "100212"
  }
},
{
  "model": "cmdb.operateaudit",
  "pk": 169,
  "fields": {
    "operate_time": "2016-12-29T17:36:46.884",
    "operater": "user",
    "action": "\u65b0\u589e",
    "model_name": "\u7aef\u53e3\u5217\u8868",
    "operate_data": "4(zmtcisco002:card0)",
    "object_pk": "100213"
  }
},
{
  "model": "cmdb.operateaudit",
  "pk": 170,
  "fields": {
    "operate_time": "2016-12-29T17:36:54.550",
    "operater": "user",
    "action": "\u65b0\u589e",
    "model_name": "\u7aef\u53e3\u5217\u8868",
    "operate_data": "5(zmtcisco002:card0)",
    "object_pk": "100214"
  }
},
{
  "model": "cmdb.operateaudit",
  "pk": 171,
  "fields": {
    "operate_time": "2016-12-29T17:37:12.001",
    "operater": "user",
    "action": "\u65b0\u589e",
    "model_name": "\u7aef\u53e3\u6620\u5c04",
    "operate_data": "4(zmtcisco002:card0)",
    "object_pk": "10024"
  }
},
{
  "model": "cmdb.operateaudit",
  "pk": 172,
  "fields": {
    "operate_time": "2016-12-29T17:37:45.147",
    "operater": "user",
    "action": "\u7f16\u8f91",
    "model_name": "\u7aef\u53e3\u5217\u8868",
    "operate_data": "5(zmt_host001:\u7f51\u5361)",
    "object_pk": "100212"
  }
},
{
  "model": "cmdb.operateaudit",
  "pk": 173,
  "fields": {
    "operate_time": "2016-12-29T17:45:20.559",
    "operater": "user",
    "action": "\u65b0\u589e",
    "model_name": "\u6570\u636e\u5907\u4efd",
    "operate_data": "\u5907\u4efd\u96c6 cmdb_20161229174520",
    "object_pk": "135"
  }
},
{
  "model": "cmdb.backuprecord",
  "pk": 124,
  "fields": {
    "filename": "cmdb_20161215181926",
    "backupdate": "2016-12-15T18:19:26.572",
    "backupuser": "cmdb",
    "remark": "aabb"
  }
},
{
  "model": "cmdb.backuprecord",
  "pk": 125,
  "fields": {
    "filename": "cmdb_20161227145356",
    "backupdate": "2016-12-27T14:53:56.095",
    "backupuser": "user",
    "remark": "\u5206\u5ba2\u6237\u521d\u59cb\u6570\u636e\u540e\u5907\u4efd"
  }
},
{
  "model": "cmdb.backuprecord",
  "pk": 131,
  "fields": {
    "filename": "cmdb_20161228145712",
    "backupdate": "2016-12-28T14:57:12.098",
    "backupuser": "cmdb",
    "remark": "\u6d4b\u8bd5\u529f\u80fd\u540e\u5907\u4efd"
  }
},
{
  "model": "cmdb.backuprecord",
  "pk": 134,
  "fields": {
    "filename": "cmdb_20161229150109",
    "backupdate": "2016-12-29T15:01:09.938",
    "backupuser": "user",
    "remark": "2016-12-29"
  }
},
{
  "model": "cmdb.backuprecord",
  "pk": 135,
  "fields": {
    "filename": "cmdb_20161229174520",
    "backupdate": "2016-12-29T17:45:20.477",
    "backupuser": "user",
    "remark": "201612291745"
  }
},
{
  "model": "account.menus",
  "pk": 10011,
  "fields": {
    "menu_code": "m_001_0",
    "menu_name": "\u8ba1\u7b97",
    "is_avaible": 0
  }
},
{
  "model": "account.menus",
  "pk": 10012,
  "fields": {
    "menu_code": "m_002_0",
    "menu_name": "\u7f51\u7edc",
    "is_avaible": 0
  }
},
{
  "model": "account.menus",
  "pk": 10013,
  "fields": {
    "menu_code": "m_003_0",
    "menu_name": "\u5b58\u50a8",
    "is_avaible": 0
  }
},
{
  "model": "account.menus",
  "pk": 10014,
  "fields": {
    "menu_code": "m_004_0",
    "menu_name": "\u5b89\u5168",
    "is_avaible": 0
  }
},
{
  "model": "account.menus",
  "pk": 10015,
  "fields": {
    "menu_code": "m_005_0",
    "menu_name": "\u5bb9\u5668",
    "is_avaible": 0
  }
},
{
  "model": "account.menus",
  "pk": 10016,
  "fields": {
    "menu_code": "m_006_0",
    "menu_name": "\u76d1\u63a7",
    "is_avaible": 1
  }
},
{
  "model": "account.menus",
  "pk": 10017,
  "fields": {
    "menu_code": "m_007_0",
    "menu_name": "CMDB",
    "is_avaible": 1
  }
},
{
  "model": "account.menus",
  "pk": 10018,
  "fields": {
    "menu_code": "m_008_0",
    "menu_name": "\u81ea\u52a8\u5316\u8fd0\u7ef4",
    "is_avaible": 0
  }
},
{
  "model": "account.menus",
  "pk": 10019,
  "fields": {
    "menu_code": "m_009_0",
    "menu_name": "\u670d\u52a1\u7f16\u6392",
    "is_avaible": 0
  }
},
{
  "model": "account.menus",
  "pk": 100110,
  "fields": {
    "menu_code": "m_010_0",
    "menu_name": "\u9ad8\u53ef\u7528",
    "is_avaible": 0
  }
},
{
  "model": "account.menus",
  "pk": 100111,
  "fields": {
    "menu_code": "m_011_0",
    "menu_name": "\u4e1a\u52a1\u6027\u80fd\u5206\u6790",
    "is_avaible": 0
  }
},
{
  "model": "account.menus",
  "pk": 100112,
  "fields": {
    "menu_code": "m_012_0",
    "menu_name": "\u5fae\u670d\u52a1",
    "is_avaible": 0
  }
},
{
  "model": "account.menus",
  "pk": 100113,
  "fields": {
    "menu_code": "m_013_0",
    "menu_name": "\u5927\u6570\u636e",
    "is_avaible": 0
  }
},
{
  "model": "account.menus",
  "pk": 100114,
  "fields": {
    "menu_code": "m_014_0",
    "menu_name": "\u65e5\u5fd7",
    "is_avaible": 0
  }
},
{
  "model": "account.menus",
  "pk": 100115,
  "fields": {
    "menu_code": "m_015_0",
    "menu_name": "\u90ae\u4ef6",
    "is_avaible": 0
  }
},
{
  "model": "account.menus",
  "pk": 100116,
  "fields": {
    "menu_code": "m_016_0",
    "menu_name": "\u77e5\u8bc6\u5e93",
    "is_avaible": 1
  }
},
{
  "model": "account.menus",
  "pk": 100117,
  "fields": {
    "menu_code": "m_017_0",
    "menu_name": "\u5e94\u7528\u5e02\u573a",
    "is_avaible": 0
  }
},
{
  "model": "account.menus",
  "pk": 100118,
  "fields": {
    "menu_code": "m_018_0",
    "menu_name": "\u5e10\u53f7\u7ba1\u7406",
    "is_avaible": 1
  }
},
{
  "model": "account.menus",
  "pk": 100119,
  "fields": {
    "menu_code": "m_007_1",
    "menu_name": "\u7cfb\u7edf\u7ba1\u7406",
    "is_avaible": 1
  }
},
{
  "model": "auth.group",
  "pk": 1,
  "fields": {
    "name": "cmdbgroup",
    "permissions": []
  }
},
{
  "model": "auth.group",
  "pk": 2,
  "fields": {
    "name": "usergroup",
    "permissions": []
  }
},
{
  "model": "auth.user",
  "pk": 1,
  "fields": {
    "password": "!oUb6IHqV9dSAWMMmijQsgr48KX2wWfKxjTsODiPB",
    "last_login": null,
    "is_superuser": false,
    "username": "AnonymousUser",
    "first_name": "",
    "last_name": "",
    "email": "",
    "is_staff": false,
    "is_active": true,
    "date_joined": "2016-12-05T16:55:09.178",
    "groups": [],
    "user_permissions": []
  }
},
{
  "model": "auth.user",
  "pk": 2,
  "fields": {
    "password": "pbkdf2_sha256$30000$n0QCHIl5LccG$HpUSOs+Ul9Y2T9vmkHnRea3d74EtAnMdlXVus9kj9Ek=",
    "last_login": "2016-12-27T14:37:10.901",
    "is_superuser": true,
    "username": "afcat",
    "first_name": "",
    "last_name": "",
    "email": "",
    "is_staff": true,
    "is_active": true,
    "date_joined": "2016-12-05T16:57:58.908",
    "groups": [],
    "user_permissions": []
  }
},
{
  "model": "auth.user",
  "pk": 3,
  "fields": {
    "password": "pbkdf2_sha256$30000$0XZlJdC7zhOa$OzGl0ZQndu9CAGrAzjIWKAyQH253aMqWsvciVjA5xJ0=",
    "last_login": "2016-12-29T15:35:28.678",
    "is_superuser": true,
    "username": "cmdb",
    "first_name": "",
    "last_name": "",
    "email": "aa@afcat.com",
    "is_staff": false,
    "is_active": true,
    "date_joined": "2016-12-05T17:03:08.892",
    "groups": [
      1
    ],
    "user_permissions": []
  }
},
{
  "model": "auth.user",
  "pk": 4,
  "fields": {
    "password": "pbkdf2_sha256$30000$gZ6KKI6UmLJO$TgJwFNxu4DAH0p/9Tyvi7MiR5StzVVZgFIM073tZP0w=",
    "last_login": "2016-12-29T08:59:39.537",
    "is_superuser": false,
    "username": "user",
    "first_name": "",
    "last_name": "",
    "email": "user@afcat.com.cn",
    "is_staff": false,
    "is_active": true,
    "date_joined": "2016-12-05T18:03:43.197",
    "groups": [
      2
    ],
    "user_permissions": []
  }
},
{
  "model": "guardian.groupobjectpermission",
  "pk": 1383,
  "fields": {
    "permission": 521,
    "content_type": 166,
    "object_pk": "100117",
    "group": 1
  }
},
{
  "model": "guardian.groupobjectpermission",
  "pk": 1384,
  "fields": {
    "permission": 521,
    "content_type": 166,
    "object_pk": "100118",
    "group": 1
  }
},
{
  "model": "guardian.groupobjectpermission",
  "pk": 1385,
  "fields": {
    "permission": 521,
    "content_type": 166,
    "object_pk": "100121",
    "group": 1
  }
},
{
  "model": "guardian.groupobjectpermission",
  "pk": 1386,
  "fields": {
    "permission": 521,
    "content_type": 166,
    "object_pk": "100119",
    "group": 1
  }
},
{
  "model": "guardian.groupobjectpermission",
  "pk": 1387,
  "fields": {
    "permission": 521,
    "content_type": 166,
    "object_pk": "100113",
    "group": 1
  }
},
{
  "model": "guardian.groupobjectpermission",
  "pk": 1388,
  "fields": {
    "permission": 521,
    "content_type": 166,
    "object_pk": "10013",
    "group": 1
  }
},
{
  "model": "guardian.groupobjectpermission",
  "pk": 1389,
  "fields": {
    "permission": 521,
    "content_type": 166,
    "object_pk": "100110",
    "group": 1
  }
},
{
  "model": "guardian.groupobjectpermission",
  "pk": 1390,
  "fields": {
    "permission": 521,
    "content_type": 166,
    "object_pk": "100122",
    "group": 1
  }
},
{
  "model": "guardian.groupobjectpermission",
  "pk": 1391,
  "fields": {
    "permission": 521,
    "content_type": 166,
    "object_pk": "10012",
    "group": 1
  }
},
{
  "model": "guardian.groupobjectpermission",
  "pk": 1392,
  "fields": {
    "permission": 521,
    "content_type": 166,
    "object_pk": "10015",
    "group": 1
  }
},
{
  "model": "guardian.groupobjectpermission",
  "pk": 1393,
  "fields": {
    "permission": 521,
    "content_type": 166,
    "object_pk": "100115",
    "group": 1
  }
},
{
  "model": "guardian.groupobjectpermission",
  "pk": 1394,
  "fields": {
    "permission": 521,
    "content_type": 166,
    "object_pk": "100111",
    "group": 1
  }
},
{
  "model": "guardian.groupobjectpermission",
  "pk": 1395,
  "fields": {
    "permission": 521,
    "content_type": 166,
    "object_pk": "10018",
    "group": 1
  }
},
{
  "model": "guardian.groupobjectpermission",
  "pk": 1396,
  "fields": {
    "permission": 521,
    "content_type": 166,
    "object_pk": "100112",
    "group": 1
  }
},
{
  "model": "guardian.groupobjectpermission",
  "pk": 1397,
  "fields": {
    "permission": 521,
    "content_type": 166,
    "object_pk": "10016",
    "group": 1
  }
},
{
  "model": "guardian.groupobjectpermission",
  "pk": 1398,
  "fields": {
    "permission": 521,
    "content_type": 166,
    "object_pk": "100114",
    "group": 1
  }
},
{
  "model": "guardian.groupobjectpermission",
  "pk": 1399,
  "fields": {
    "permission": 521,
    "content_type": 166,
    "object_pk": "10019",
    "group": 1
  }
},
{
  "model": "guardian.groupobjectpermission",
  "pk": 1400,
  "fields": {
    "permission": 521,
    "content_type": 166,
    "object_pk": "10014",
    "group": 1
  }
},
{
  "model": "guardian.groupobjectpermission",
  "pk": 1401,
  "fields": {
    "permission": 521,
    "content_type": 166,
    "object_pk": "100120",
    "group": 1
  }
},
{
  "model": "guardian.groupobjectpermission",
  "pk": 1402,
  "fields": {
    "permission": 521,
    "content_type": 166,
    "object_pk": "10017",
    "group": 1
  }
},
{
  "model": "guardian.groupobjectpermission",
  "pk": 1403,
  "fields": {
    "permission": 521,
    "content_type": 166,
    "object_pk": "10011",
    "group": 1
  }
},
{
  "model": "guardian.groupobjectpermission",
  "pk": 1404,
  "fields": {
    "permission": 520,
    "content_type": 166,
    "object_pk": "100117",
    "group": 1
  }
},
{
  "model": "guardian.groupobjectpermission",
  "pk": 1405,
  "fields": {
    "permission": 520,
    "content_type": 166,
    "object_pk": "100118",
    "group": 1
  }
},
{
  "model": "guardian.groupobjectpermission",
  "pk": 1406,
  "fields": {
    "permission": 520,
    "content_type": 166,
    "object_pk": "100121",
    "group": 1
  }
},
{
  "model": "guardian.groupobjectpermission",
  "pk": 1407,
  "fields": {
    "permission": 520,
    "content_type": 166,
    "object_pk": "100119",
    "group": 1
  }
},
{
  "model": "guardian.groupobjectpermission",
  "pk": 1408,
  "fields": {
    "permission": 520,
    "content_type": 166,
    "object_pk": "100113",
    "group": 1
  }
},
{
  "model": "guardian.groupobjectpermission",
  "pk": 1409,
  "fields": {
    "permission": 520,
    "content_type": 166,
    "object_pk": "10013",
    "group": 1
  }
},
{
  "model": "guardian.groupobjectpermission",
  "pk": 1410,
  "fields": {
    "permission": 520,
    "content_type": 166,
    "object_pk": "100110",
    "group": 1
  }
},
{
  "model": "guardian.groupobjectpermission",
  "pk": 1411,
  "fields": {
    "permission": 520,
    "content_type": 166,
    "object_pk": "100122",
    "group": 1
  }
},
{
  "model": "guardian.groupobjectpermission",
  "pk": 1412,
  "fields": {
    "permission": 520,
    "content_type": 166,
    "object_pk": "10012",
    "group": 1
  }
},
{
  "model": "guardian.groupobjectpermission",
  "pk": 1413,
  "fields": {
    "permission": 520,
    "content_type": 166,
    "object_pk": "10015",
    "group": 1
  }
},
{
  "model": "guardian.groupobjectpermission",
  "pk": 1414,
  "fields": {
    "permission": 520,
    "content_type": 166,
    "object_pk": "100115",
    "group": 1
  }
},
{
  "model": "guardian.groupobjectpermission",
  "pk": 1415,
  "fields": {
    "permission": 520,
    "content_type": 166,
    "object_pk": "100111",
    "group": 1
  }
},
{
  "model": "guardian.groupobjectpermission",
  "pk": 1416,
  "fields": {
    "permission": 520,
    "content_type": 166,
    "object_pk": "10018",
    "group": 1
  }
},
{
  "model": "guardian.groupobjectpermission",
  "pk": 1417,
  "fields": {
    "permission": 520,
    "content_type": 166,
    "object_pk": "100112",
    "group": 1
  }
},
{
  "model": "guardian.groupobjectpermission",
  "pk": 1418,
  "fields": {
    "permission": 520,
    "content_type": 166,
    "object_pk": "10016",
    "group": 1
  }
},
{
  "model": "guardian.groupobjectpermission",
  "pk": 1419,
  "fields": {
    "permission": 520,
    "content_type": 166,
    "object_pk": "100114",
    "group": 1
  }
},
{
  "model": "guardian.groupobjectpermission",
  "pk": 1420,
  "fields": {
    "permission": 520,
    "content_type": 166,
    "object_pk": "10019",
    "group": 1
  }
},
{
  "model": "guardian.groupobjectpermission",
  "pk": 1421,
  "fields": {
    "permission": 520,
    "content_type": 166,
    "object_pk": "10014",
    "group": 1
  }
},
{
  "model": "guardian.groupobjectpermission",
  "pk": 1422,
  "fields": {
    "permission": 520,
    "content_type": 166,
    "object_pk": "100120",
    "group": 1
  }
},
{
  "model": "guardian.groupobjectpermission",
  "pk": 1423,
  "fields": {
    "permission": 520,
    "content_type": 166,
    "object_pk": "10017",
    "group": 1
  }
},
{
  "model": "guardian.groupobjectpermission",
  "pk": 1424,
  "fields": {
    "permission": 520,
    "content_type": 166,
    "object_pk": "10011",
    "group": 1
  }
},
{
  "model": "guardian.groupobjectpermission",
  "pk": 1425,
  "fields": {
    "permission": 441,
    "content_type": 145,
    "object_pk": "10011",
    "group": 1
  }
},
{
  "model": "guardian.groupobjectpermission",
  "pk": 1426,
  "fields": {
    "permission": 441,
    "content_type": 145,
    "object_pk": "10015",
    "group": 1
  }
},
{
  "model": "guardian.groupobjectpermission",
  "pk": 1427,
  "fields": {
    "permission": 441,
    "content_type": 145,
    "object_pk": "10012",
    "group": 1
  }
},
{
  "model": "guardian.groupobjectpermission",
  "pk": 1428,
  "fields": {
    "permission": 441,
    "content_type": 145,
    "object_pk": "10013",
    "group": 1
  }
},
{
  "model": "guardian.groupobjectpermission",
  "pk": 1429,
  "fields": {
    "permission": 438,
    "content_type": 145,
    "object_pk": "10011",
    "group": 1
  }
},
{
  "model": "guardian.groupobjectpermission",
  "pk": 1430,
  "fields": {
    "permission": 438,
    "content_type": 145,
    "object_pk": "10015",
    "group": 1
  }
},
{
  "model": "guardian.groupobjectpermission",
  "pk": 1431,
  "fields": {
    "permission": 438,
    "content_type": 145,
    "object_pk": "10012",
    "group": 1
  }
},
{
  "model": "guardian.groupobjectpermission",
  "pk": 1432,
  "fields": {
    "permission": 438,
    "content_type": 145,
    "object_pk": "10013",
    "group": 1
  }
},
{
  "model": "guardian.groupobjectpermission",
  "pk": 1433,
  "fields": {
    "permission": 519,
    "content_type": 166,
    "object_pk": "100117",
    "group": 1
  }
},
{
  "model": "guardian.groupobjectpermission",
  "pk": 1434,
  "fields": {
    "permission": 519,
    "content_type": 166,
    "object_pk": "100118",
    "group": 1
  }
},
{
  "model": "guardian.groupobjectpermission",
  "pk": 1435,
  "fields": {
    "permission": 519,
    "content_type": 166,
    "object_pk": "100121",
    "group": 1
  }
},
{
  "model": "guardian.groupobjectpermission",
  "pk": 1436,
  "fields": {
    "permission": 519,
    "content_type": 166,
    "object_pk": "100119",
    "group": 1
  }
},
{
  "model": "guardian.groupobjectpermission",
  "pk": 1437,
  "fields": {
    "permission": 519,
    "content_type": 166,
    "object_pk": "100113",
    "group": 1
  }
},
{
  "model": "guardian.groupobjectpermission",
  "pk": 1438,
  "fields": {
    "permission": 519,
    "content_type": 166,
    "object_pk": "10013",
    "group": 1
  }
},
{
  "model": "guardian.groupobjectpermission",
  "pk": 1439,
  "fields": {
    "permission": 519,
    "content_type": 166,
    "object_pk": "100110",
    "group": 1
  }
},
{
  "model": "guardian.groupobjectpermission",
  "pk": 1440,
  "fields": {
    "permission": 519,
    "content_type": 166,
    "object_pk": "100122",
    "group": 1
  }
},
{
  "model": "guardian.groupobjectpermission",
  "pk": 1441,
  "fields": {
    "permission": 519,
    "content_type": 166,
    "object_pk": "10012",
    "group": 1
  }
},
{
  "model": "guardian.groupobjectpermission",
  "pk": 1442,
  "fields": {
    "permission": 519,
    "content_type": 166,
    "object_pk": "10015",
    "group": 1
  }
},
{
  "model": "guardian.groupobjectpermission",
  "pk": 1443,
  "fields": {
    "permission": 519,
    "content_type": 166,
    "object_pk": "100115",
    "group": 1
  }
},
{
  "model": "guardian.groupobjectpermission",
  "pk": 1444,
  "fields": {
    "permission": 519,
    "content_type": 166,
    "object_pk": "100111",
    "group": 1
  }
},
{
  "model": "guardian.groupobjectpermission",
  "pk": 1445,
  "fields": {
    "permission": 519,
    "content_type": 166,
    "object_pk": "10018",
    "group": 1
  }
},
{
  "model": "guardian.groupobjectpermission",
  "pk": 1446,
  "fields": {
    "permission": 519,
    "content_type": 166,
    "object_pk": "100112",
    "group": 1
  }
},
{
  "model": "guardian.groupobjectpermission",
  "pk": 1447,
  "fields": {
    "permission": 519,
    "content_type": 166,
    "object_pk": "10016",
    "group": 1
  }
},
{
  "model": "guardian.groupobjectpermission",
  "pk": 1448,
  "fields": {
    "permission": 519,
    "content_type": 166,
    "object_pk": "100114",
    "group": 1
  }
},
{
  "model": "guardian.groupobjectpermission",
  "pk": 1449,
  "fields": {
    "permission": 519,
    "content_type": 166,
    "object_pk": "10019",
    "group": 1
  }
},
{
  "model": "guardian.groupobjectpermission",
  "pk": 1450,
  "fields": {
    "permission": 519,
    "content_type": 166,
    "object_pk": "10014",
    "group": 1
  }
},
{
  "model": "guardian.groupobjectpermission",
  "pk": 1451,
  "fields": {
    "permission": 519,
    "content_type": 166,
    "object_pk": "100120",
    "group": 1
  }
},
{
  "model": "guardian.groupobjectpermission",
  "pk": 1452,
  "fields": {
    "permission": 519,
    "content_type": 166,
    "object_pk": "10017",
    "group": 1
  }
},
{
  "model": "guardian.groupobjectpermission",
  "pk": 1453,
  "fields": {
    "permission": 519,
    "content_type": 166,
    "object_pk": "10011",
    "group": 1
  }
},
{
  "model": "guardian.groupobjectpermission",
  "pk": 1454,
  "fields": {
    "permission": 440,
    "content_type": 145,
    "object_pk": "10011",
    "group": 1
  }
},
{
  "model": "guardian.groupobjectpermission",
  "pk": 1455,
  "fields": {
    "permission": 440,
    "content_type": 145,
    "object_pk": "10015",
    "group": 1
  }
},
{
  "model": "guardian.groupobjectpermission",
  "pk": 1456,
  "fields": {
    "permission": 440,
    "content_type": 145,
    "object_pk": "10012",
    "group": 1
  }
},
{
  "model": "guardian.groupobjectpermission",
  "pk": 1457,
  "fields": {
    "permission": 440,
    "content_type": 145,
    "object_pk": "10013",
    "group": 1
  }
},
{
  "model": "guardian.groupobjectpermission",
  "pk": 1458,
  "fields": {
    "permission": 518,
    "content_type": 166,
    "object_pk": "100117",
    "group": 1
  }
},
{
  "model": "guardian.groupobjectpermission",
  "pk": 1459,
  "fields": {
    "permission": 518,
    "content_type": 166,
    "object_pk": "100118",
    "group": 1
  }
},
{
  "model": "guardian.groupobjectpermission",
  "pk": 1460,
  "fields": {
    "permission": 518,
    "content_type": 166,
    "object_pk": "100121",
    "group": 1
  }
},
{
  "model": "guardian.groupobjectpermission",
  "pk": 1461,
  "fields": {
    "permission": 518,
    "content_type": 166,
    "object_pk": "100119",
    "group": 1
  }
},
{
  "model": "guardian.groupobjectpermission",
  "pk": 1462,
  "fields": {
    "permission": 518,
    "content_type": 166,
    "object_pk": "100113",
    "group": 1
  }
},
{
  "model": "guardian.groupobjectpermission",
  "pk": 1463,
  "fields": {
    "permission": 518,
    "content_type": 166,
    "object_pk": "10013",
    "group": 1
  }
},
{
  "model": "guardian.groupobjectpermission",
  "pk": 1464,
  "fields": {
    "permission": 518,
    "content_type": 166,
    "object_pk": "100110",
    "group": 1
  }
},
{
  "model": "guardian.groupobjectpermission",
  "pk": 1465,
  "fields": {
    "permission": 518,
    "content_type": 166,
    "object_pk": "100122",
    "group": 1
  }
},
{
  "model": "guardian.groupobjectpermission",
  "pk": 1466,
  "fields": {
    "permission": 518,
    "content_type": 166,
    "object_pk": "10012",
    "group": 1
  }
},
{
  "model": "guardian.groupobjectpermission",
  "pk": 1467,
  "fields": {
    "permission": 518,
    "content_type": 166,
    "object_pk": "10015",
    "group": 1
  }
},
{
  "model": "guardian.groupobjectpermission",
  "pk": 1468,
  "fields": {
    "permission": 518,
    "content_type": 166,
    "object_pk": "100115",
    "group": 1
  }
},
{
  "model": "guardian.groupobjectpermission",
  "pk": 1469,
  "fields": {
    "permission": 518,
    "content_type": 166,
    "object_pk": "100111",
    "group": 1
  }
},
{
  "model": "guardian.groupobjectpermission",
  "pk": 1470,
  "fields": {
    "permission": 518,
    "content_type": 166,
    "object_pk": "10018",
    "group": 1
  }
},
{
  "model": "guardian.groupobjectpermission",
  "pk": 1471,
  "fields": {
    "permission": 518,
    "content_type": 166,
    "object_pk": "100112",
    "group": 1
  }
},
{
  "model": "guardian.groupobjectpermission",
  "pk": 1472,
  "fields": {
    "permission": 518,
    "content_type": 166,
    "object_pk": "10016",
    "group": 1
  }
},
{
  "model": "guardian.groupobjectpermission",
  "pk": 1473,
  "fields": {
    "permission": 518,
    "content_type": 166,
    "object_pk": "100114",
    "group": 1
  }
},
{
  "model": "guardian.groupobjectpermission",
  "pk": 1474,
  "fields": {
    "permission": 518,
    "content_type": 166,
    "object_pk": "10019",
    "group": 1
  }
},
{
  "model": "guardian.groupobjectpermission",
  "pk": 1475,
  "fields": {
    "permission": 518,
    "content_type": 166,
    "object_pk": "10014",
    "group": 1
  }
},
{
  "model": "guardian.groupobjectpermission",
  "pk": 1476,
  "fields": {
    "permission": 518,
    "content_type": 166,
    "object_pk": "100120",
    "group": 1
  }
},
{
  "model": "guardian.groupobjectpermission",
  "pk": 1477,
  "fields": {
    "permission": 518,
    "content_type": 166,
    "object_pk": "10017",
    "group": 1
  }
},
{
  "model": "guardian.groupobjectpermission",
  "pk": 1478,
  "fields": {
    "permission": 518,
    "content_type": 166,
    "object_pk": "10011",
    "group": 1
  }
},
{
  "model": "guardian.groupobjectpermission",
  "pk": 1479,
  "fields": {
    "permission": 439,
    "content_type": 145,
    "object_pk": "10011",
    "group": 1
  }
},
{
  "model": "guardian.groupobjectpermission",
  "pk": 1480,
  "fields": {
    "permission": 439,
    "content_type": 145,
    "object_pk": "10015",
    "group": 1
  }
},
{
  "model": "guardian.groupobjectpermission",
  "pk": 1481,
  "fields": {
    "permission": 439,
    "content_type": 145,
    "object_pk": "10012",
    "group": 1
  }
},
{
  "model": "guardian.groupobjectpermission",
  "pk": 1482,
  "fields": {
    "permission": 439,
    "content_type": 145,
    "object_pk": "10013",
    "group": 1
  }
},
{
  "model": "guardian.groupobjectpermission",
  "pk": 1484,
  "fields": {
    "permission": 521,
    "content_type": 166,
    "object_pk": "100117",
    "group": 2
  }
},
{
  "model": "guardian.groupobjectpermission",
  "pk": 1485,
  "fields": {
    "permission": 521,
    "content_type": 166,
    "object_pk": "100118",
    "group": 2
  }
},
{
  "model": "guardian.groupobjectpermission",
  "pk": 1486,
  "fields": {
    "permission": 521,
    "content_type": 166,
    "object_pk": "100121",
    "group": 2
  }
},
{
  "model": "guardian.groupobjectpermission",
  "pk": 1487,
  "fields": {
    "permission": 521,
    "content_type": 166,
    "object_pk": "100119",
    "group": 2
  }
},
{
  "model": "guardian.groupobjectpermission",
  "pk": 1488,
  "fields": {
    "permission": 521,
    "content_type": 166,
    "object_pk": "100113",
    "group": 2
  }
},
{
  "model": "guardian.groupobjectpermission",
  "pk": 1489,
  "fields": {
    "permission": 521,
    "content_type": 166,
    "object_pk": "10013",
    "group": 2
  }
},
{
  "model": "guardian.groupobjectpermission",
  "pk": 1490,
  "fields": {
    "permission": 521,
    "content_type": 166,
    "object_pk": "100110",
    "group": 2
  }
},
{
  "model": "guardian.groupobjectpermission",
  "pk": 1491,
  "fields": {
    "permission": 521,
    "content_type": 166,
    "object_pk": "100122",
    "group": 2
  }
},
{
  "model": "guardian.groupobjectpermission",
  "pk": 1492,
  "fields": {
    "permission": 521,
    "content_type": 166,
    "object_pk": "10012",
    "group": 2
  }
},
{
  "model": "guardian.groupobjectpermission",
  "pk": 1493,
  "fields": {
    "permission": 521,
    "content_type": 166,
    "object_pk": "10015",
    "group": 2
  }
},
{
  "model": "guardian.groupobjectpermission",
  "pk": 1494,
  "fields": {
    "permission": 521,
    "content_type": 166,
    "object_pk": "100115",
    "group": 2
  }
},
{
  "model": "guardian.groupobjectpermission",
  "pk": 1495,
  "fields": {
    "permission": 521,
    "content_type": 166,
    "object_pk": "100111",
    "group": 2
  }
},
{
  "model": "guardian.groupobjectpermission",
  "pk": 1496,
  "fields": {
    "permission": 521,
    "content_type": 166,
    "object_pk": "10018",
    "group": 2
  }
},
{
  "model": "guardian.groupobjectpermission",
  "pk": 1497,
  "fields": {
    "permission": 521,
    "content_type": 166,
    "object_pk": "100112",
    "group": 2
  }
},
{
  "model": "guardian.groupobjectpermission",
  "pk": 1498,
  "fields": {
    "permission": 521,
    "content_type": 166,
    "object_pk": "10016",
    "group": 2
  }
},
{
  "model": "guardian.groupobjectpermission",
  "pk": 1499,
  "fields": {
    "permission": 521,
    "content_type": 166,
    "object_pk": "100114",
    "group": 2
  }
},
{
  "model": "guardian.groupobjectpermission",
  "pk": 1500,
  "fields": {
    "permission": 521,
    "content_type": 166,
    "object_pk": "10019",
    "group": 2
  }
},
{
  "model": "guardian.groupobjectpermission",
  "pk": 1501,
  "fields": {
    "permission": 521,
    "content_type": 166,
    "object_pk": "10014",
    "group": 2
  }
},
{
  "model": "guardian.groupobjectpermission",
  "pk": 1502,
  "fields": {
    "permission": 521,
    "content_type": 166,
    "object_pk": "100120",
    "group": 2
  }
},
{
  "model": "guardian.groupobjectpermission",
  "pk": 1503,
  "fields": {
    "permission": 521,
    "content_type": 166,
    "object_pk": "10017",
    "group": 2
  }
},
{
  "model": "guardian.groupobjectpermission",
  "pk": 1504,
  "fields": {
    "permission": 521,
    "content_type": 166,
    "object_pk": "10011",
    "group": 2
  }
},
{
  "model": "guardian.groupobjectpermission",
  "pk": 1505,
  "fields": {
    "permission": 441,
    "content_type": 145,
    "object_pk": "10011",
    "group": 2
  }
},
{
  "model": "guardian.groupobjectpermission",
  "pk": 1506,
  "fields": {
    "permission": 441,
    "content_type": 145,
    "object_pk": "10016",
    "group": 2
  }
},
{
  "model": "guardian.groupobjectpermission",
  "pk": 1507,
  "fields": {
    "permission": 441,
    "content_type": 145,
    "object_pk": "10015",
    "group": 2
  }
},
{
  "model": "guardian.groupobjectpermission",
  "pk": 1508,
  "fields": {
    "permission": 441,
    "content_type": 145,
    "object_pk": "10012",
    "group": 2
  }
},
{
  "model": "guardian.groupobjectpermission",
  "pk": 1509,
  "fields": {
    "permission": 441,
    "content_type": 145,
    "object_pk": "10013",
    "group": 2
  }
},
{
  "model": "guardian.groupobjectpermission",
  "pk": 1510,
  "fields": {
    "permission": 438,
    "content_type": 145,
    "object_pk": "10011",
    "group": 2
  }
},
{
  "model": "guardian.groupobjectpermission",
  "pk": 1511,
  "fields": {
    "permission": 438,
    "content_type": 145,
    "object_pk": "10016",
    "group": 2
  }
},
{
  "model": "guardian.groupobjectpermission",
  "pk": 1512,
  "fields": {
    "permission": 438,
    "content_type": 145,
    "object_pk": "10015",
    "group": 2
  }
},
{
  "model": "guardian.groupobjectpermission",
  "pk": 1513,
  "fields": {
    "permission": 438,
    "content_type": 145,
    "object_pk": "10012",
    "group": 2
  }
},
{
  "model": "guardian.groupobjectpermission",
  "pk": 1514,
  "fields": {
    "permission": 438,
    "content_type": 145,
    "object_pk": "10013",
    "group": 2
  }
},
{
  "model": "guardian.groupobjectpermission",
  "pk": 1515,
  "fields": {
    "permission": 440,
    "content_type": 145,
    "object_pk": "10011",
    "group": 2
  }
},
{
  "model": "guardian.groupobjectpermission",
  "pk": 1516,
  "fields": {
    "permission": 440,
    "content_type": 145,
    "object_pk": "10016",
    "group": 2
  }
},
{
  "model": "guardian.groupobjectpermission",
  "pk": 1517,
  "fields": {
    "permission": 440,
    "content_type": 145,
    "object_pk": "10015",
    "group": 2
  }
},
{
  "model": "guardian.groupobjectpermission",
  "pk": 1518,
  "fields": {
    "permission": 440,
    "content_type": 145,
    "object_pk": "10012",
    "group": 2
  }
},
{
  "model": "guardian.groupobjectpermission",
  "pk": 1519,
  "fields": {
    "permission": 440,
    "content_type": 145,
    "object_pk": "10013",
    "group": 2
  }
},
{
  "model": "guardian.groupobjectpermission",
  "pk": 1520,
  "fields": {
    "permission": 439,
    "content_type": 145,
    "object_pk": "10011",
    "group": 2
  }
},
{
  "model": "guardian.groupobjectpermission",
  "pk": 1521,
  "fields": {
    "permission": 439,
    "content_type": 145,
    "object_pk": "10016",
    "group": 2
  }
},
{
  "model": "guardian.groupobjectpermission",
  "pk": 1522,
  "fields": {
    "permission": 439,
    "content_type": 145,
    "object_pk": "10015",
    "group": 2
  }
},
{
  "model": "guardian.groupobjectpermission",
  "pk": 1523,
  "fields": {
    "permission": 439,
    "content_type": 145,
    "object_pk": "10012",
    "group": 2
  }
},
{
  "model": "guardian.groupobjectpermission",
  "pk": 1524,
  "fields": {
    "permission": 439,
    "content_type": 145,
    "object_pk": "10013",
    "group": 2
  }
},
{
  "model": "guardian.groupobjectpermission",
  "pk": 1586,
  "fields": {
    "permission": 73,
    "content_type": 22,
    "object_pk": "10011",
    "group": 2
  }
},
{
  "model": "guardian.groupobjectpermission",
  "pk": 1587,
  "fields": {
    "permission": 73,
    "content_type": 22,
    "object_pk": "10016",
    "group": 2
  }
},
{
  "model": "guardian.groupobjectpermission",
  "pk": 1588,
  "fields": {
    "permission": 73,
    "content_type": 22,
    "object_pk": "10015",
    "group": 2
  }
},
{
  "model": "guardian.groupobjectpermission",
  "pk": 1589,
  "fields": {
    "permission": 73,
    "content_type": 22,
    "object_pk": "10012",
    "group": 2
  }
},
{
  "model": "guardian.groupobjectpermission",
  "pk": 1590,
  "fields": {
    "permission": 73,
    "content_type": 22,
    "object_pk": "10013",
    "group": 2
  }
},
{
  "model": "guardian.groupobjectpermission",
  "pk": 1591,
  "fields": {
    "permission": 77,
    "content_type": 23,
    "object_pk": "100120",
    "group": 2
  }
},
{
  "model": "guardian.groupobjectpermission",
  "pk": 1592,
  "fields": {
    "permission": 76,
    "content_type": 22,
    "object_pk": "10011",
    "group": 2
  }
},
{
  "model": "guardian.groupobjectpermission",
  "pk": 1593,
  "fields": {
    "permission": 76,
    "content_type": 22,
    "object_pk": "10016",
    "group": 2
  }
},
{
  "model": "guardian.groupobjectpermission",
  "pk": 1594,
  "fields": {
    "permission": 76,
    "content_type": 22,
    "object_pk": "10015",
    "group": 2
  }
},
{
  "model": "guardian.groupobjectpermission",
  "pk": 1595,
  "fields": {
    "permission": 76,
    "content_type": 22,
    "object_pk": "10012",
    "group": 2
  }
},
{
  "model": "guardian.groupobjectpermission",
  "pk": 1596,
  "fields": {
    "permission": 76,
    "content_type": 22,
    "object_pk": "10013",
    "group": 2
  }
},
{
  "model": "guardian.groupobjectpermission",
  "pk": 1597,
  "fields": {
    "permission": 80,
    "content_type": 23,
    "object_pk": "100120",
    "group": 2
  }
},
{
  "model": "guardian.groupobjectpermission",
  "pk": 1598,
  "fields": {
    "permission": 78,
    "content_type": 23,
    "object_pk": "100120",
    "group": 2
  }
},
{
  "model": "guardian.groupobjectpermission",
  "pk": 1599,
  "fields": {
    "permission": 74,
    "content_type": 22,
    "object_pk": "10011",
    "group": 2
  }
},
{
  "model": "guardian.groupobjectpermission",
  "pk": 1600,
  "fields": {
    "permission": 74,
    "content_type": 22,
    "object_pk": "10016",
    "group": 2
  }
},
{
  "model": "guardian.groupobjectpermission",
  "pk": 1601,
  "fields": {
    "permission": 74,
    "content_type": 22,
    "object_pk": "10015",
    "group": 2
  }
},
{
  "model": "guardian.groupobjectpermission",
  "pk": 1602,
  "fields": {
    "permission": 74,
    "content_type": 22,
    "object_pk": "10012",
    "group": 2
  }
},
{
  "model": "guardian.groupobjectpermission",
  "pk": 1603,
  "fields": {
    "permission": 74,
    "content_type": 22,
    "object_pk": "10013",
    "group": 2
  }
},
{
  "model": "guardian.groupobjectpermission",
  "pk": 1604,
  "fields": {
    "permission": 75,
    "content_type": 22,
    "object_pk": "10011",
    "group": 2
  }
},
{
  "model": "guardian.groupobjectpermission",
  "pk": 1605,
  "fields": {
    "permission": 75,
    "content_type": 22,
    "object_pk": "10016",
    "group": 2
  }
},
{
  "model": "guardian.groupobjectpermission",
  "pk": 1606,
  "fields": {
    "permission": 75,
    "content_type": 22,
    "object_pk": "10015",
    "group": 2
  }
},
{
  "model": "guardian.groupobjectpermission",
  "pk": 1607,
  "fields": {
    "permission": 75,
    "content_type": 22,
    "object_pk": "10012",
    "group": 2
  }
},
{
  "model": "guardian.groupobjectpermission",
  "pk": 1608,
  "fields": {
    "permission": 75,
    "content_type": 22,
    "object_pk": "10013",
    "group": 2
  }
},
{
  "model": "guardian.groupobjectpermission",
  "pk": 1609,
  "fields": {
    "permission": 580,
    "content_type": 183,
    "object_pk": "10017",
    "group": 2
  }
},
{
  "model": "guardian.groupobjectpermission",
  "pk": 1610,
  "fields": {
    "permission": 580,
    "content_type": 183,
    "object_pk": "100118",
    "group": 2
  }
},
{
  "model": "guardian.groupobjectpermission",
  "pk": 1611,
  "fields": {
    "permission": 580,
    "content_type": 183,
    "object_pk": "100119",
    "group": 2
  }
},
{
  "model": "guardian.groupobjectpermission",
  "pk": 1612,
  "fields": {
    "permission": 580,
    "content_type": 183,
    "object_pk": "10016",
    "group": 1
  }
},
{
  "model": "guardian.groupobjectpermission",
  "pk": 1613,
  "fields": {
    "permission": 580,
    "content_type": 183,
    "object_pk": "10017",
    "group": 1
  }
},
{
  "model": "guardian.groupobjectpermission",
  "pk": 1614,
  "fields": {
    "permission": 580,
    "content_type": 183,
    "object_pk": "100116",
    "group": 1
  }
},
{
  "model": "guardian.groupobjectpermission",
  "pk": 1615,
  "fields": {
    "permission": 580,
    "content_type": 183,
    "object_pk": "100118",
    "group": 1
  }
},
{
  "model": "guardian.groupobjectpermission",
  "pk": 1616,
  "fields": {
    "permission": 580,
    "content_type": 183,
    "object_pk": "100119",
    "group": 1
  }
},
{
  "model": "guardian.groupobjectpermission",
  "pk": 1617,
  "fields": {
    "permission": 76,
    "content_type": 22,
    "object_pk": "10011",
    "group": 1
  }
},
{
  "model": "guardian.groupobjectpermission",
  "pk": 1618,
  "fields": {
    "permission": 76,
    "content_type": 22,
    "object_pk": "10016",
    "group": 1
  }
},
{
  "model": "guardian.groupobjectpermission",
  "pk": 1619,
  "fields": {
    "permission": 76,
    "content_type": 22,
    "object_pk": "10015",
    "group": 1
  }
},
{
  "model": "guardian.groupobjectpermission",
  "pk": 1620,
  "fields": {
    "permission": 76,
    "content_type": 22,
    "object_pk": "10012",
    "group": 1
  }
},
{
  "model": "guardian.groupobjectpermission",
  "pk": 1621,
  "fields": {
    "permission": 76,
    "content_type": 22,
    "object_pk": "10013",
    "group": 1
  }
},
{
  "model": "guardian.groupobjectpermission",
  "pk": 1679,
  "fields": {
    "permission": 114,
    "content_type": 31,
    "object_pk": "10011",
    "group": 1
  }
},
{
  "model": "guardian.groupobjectpermission",
  "pk": 1680,
  "fields": {
    "permission": 114,
    "content_type": 31,
    "object_pk": "10016",
    "group": 1
  }
},
{
  "model": "guardian.groupobjectpermission",
  "pk": 1681,
  "fields": {
    "permission": 114,
    "content_type": 31,
    "object_pk": "10015",
    "group": 1
  }
},
{
  "model": "guardian.groupobjectpermission",
  "pk": 1682,
  "fields": {
    "permission": 114,
    "content_type": 31,
    "object_pk": "10012",
    "group": 1
  }
},
{
  "model": "guardian.groupobjectpermission",
  "pk": 1683,
  "fields": {
    "permission": 114,
    "content_type": 31,
    "object_pk": "10013",
    "group": 1
  }
},
{
  "model": "guardian.groupobjectpermission",
  "pk": 1684,
  "fields": {
    "permission": 124,
    "content_type": 34,
    "object_pk": "100117",
    "group": 1
  }
},
{
  "model": "guardian.groupobjectpermission",
  "pk": 1685,
  "fields": {
    "permission": 124,
    "content_type": 34,
    "object_pk": "100118",
    "group": 1
  }
},
{
  "model": "guardian.groupobjectpermission",
  "pk": 1686,
  "fields": {
    "permission": 124,
    "content_type": 34,
    "object_pk": "100121",
    "group": 1
  }
},
{
  "model": "guardian.groupobjectpermission",
  "pk": 1687,
  "fields": {
    "permission": 124,
    "content_type": 34,
    "object_pk": "100119",
    "group": 1
  }
},
{
  "model": "guardian.groupobjectpermission",
  "pk": 1688,
  "fields": {
    "permission": 124,
    "content_type": 34,
    "object_pk": "100113",
    "group": 1
  }
},
{
  "model": "guardian.groupobjectpermission",
  "pk": 1689,
  "fields": {
    "permission": 124,
    "content_type": 34,
    "object_pk": "10013",
    "group": 1
  }
},
{
  "model": "guardian.groupobjectpermission",
  "pk": 1690,
  "fields": {
    "permission": 124,
    "content_type": 34,
    "object_pk": "100110",
    "group": 1
  }
},
{
  "model": "guardian.groupobjectpermission",
  "pk": 1691,
  "fields": {
    "permission": 124,
    "content_type": 34,
    "object_pk": "100122",
    "group": 1
  }
},
{
  "model": "guardian.groupobjectpermission",
  "pk": 1692,
  "fields": {
    "permission": 124,
    "content_type": 34,
    "object_pk": "10012",
    "group": 1
  }
},
{
  "model": "guardian.groupobjectpermission",
  "pk": 1693,
  "fields": {
    "permission": 124,
    "content_type": 34,
    "object_pk": "10015",
    "group": 1
  }
},
{
  "model": "guardian.groupobjectpermission",
  "pk": 1694,
  "fields": {
    "permission": 124,
    "content_type": 34,
    "object_pk": "100115",
    "group": 1
  }
},
{
  "model": "guardian.groupobjectpermission",
  "pk": 1695,
  "fields": {
    "permission": 124,
    "content_type": 34,
    "object_pk": "100111",
    "group": 1
  }
},
{
  "model": "guardian.groupobjectpermission",
  "pk": 1696,
  "fields": {
    "permission": 124,
    "content_type": 34,
    "object_pk": "10018",
    "group": 1
  }
},
{
  "model": "guardian.groupobjectpermission",
  "pk": 1697,
  "fields": {
    "permission": 124,
    "content_type": 34,
    "object_pk": "100112",
    "group": 1
  }
},
{
  "model": "guardian.groupobjectpermission",
  "pk": 1698,
  "fields": {
    "permission": 124,
    "content_type": 34,
    "object_pk": "10016",
    "group": 1
  }
},
{
  "model": "guardian.groupobjectpermission",
  "pk": 1699,
  "fields": {
    "permission": 124,
    "content_type": 34,
    "object_pk": "100114",
    "group": 1
  }
},
{
  "model": "guardian.groupobjectpermission",
  "pk": 1700,
  "fields": {
    "permission": 124,
    "content_type": 34,
    "object_pk": "10019",
    "group": 1
  }
},
{
  "model": "guardian.groupobjectpermission",
  "pk": 1701,
  "fields": {
    "permission": 124,
    "content_type": 34,
    "object_pk": "10014",
    "group": 1
  }
},
{
  "model": "guardian.groupobjectpermission",
  "pk": 1702,
  "fields": {
    "permission": 124,
    "content_type": 34,
    "object_pk": "100120",
    "group": 1
  }
},
{
  "model": "guardian.groupobjectpermission",
  "pk": 1703,
  "fields": {
    "permission": 124,
    "content_type": 34,
    "object_pk": "10017",
    "group": 1
  }
},
{
  "model": "guardian.groupobjectpermission",
  "pk": 1704,
  "fields": {
    "permission": 124,
    "content_type": 34,
    "object_pk": "10011",
    "group": 1
  }
},
{
  "model": "guardian.groupobjectpermission",
  "pk": 1705,
  "fields": {
    "permission": 112,
    "content_type": 31,
    "object_pk": "10011",
    "group": 1
  }
},
{
  "model": "guardian.groupobjectpermission",
  "pk": 1706,
  "fields": {
    "permission": 112,
    "content_type": 31,
    "object_pk": "10016",
    "group": 1
  }
},
{
  "model": "guardian.groupobjectpermission",
  "pk": 1707,
  "fields": {
    "permission": 112,
    "content_type": 31,
    "object_pk": "10015",
    "group": 1
  }
},
{
  "model": "guardian.groupobjectpermission",
  "pk": 1708,
  "fields": {
    "permission": 112,
    "content_type": 31,
    "object_pk": "10012",
    "group": 1
  }
},
{
  "model": "guardian.groupobjectpermission",
  "pk": 1709,
  "fields": {
    "permission": 112,
    "content_type": 31,
    "object_pk": "10013",
    "group": 1
  }
},
{
  "model": "guardian.groupobjectpermission",
  "pk": 1710,
  "fields": {
    "permission": 125,
    "content_type": 34,
    "object_pk": "100117",
    "group": 1
  }
},
{
  "model": "guardian.groupobjectpermission",
  "pk": 1711,
  "fields": {
    "permission": 125,
    "content_type": 34,
    "object_pk": "100118",
    "group": 1
  }
},
{
  "model": "guardian.groupobjectpermission",
  "pk": 1712,
  "fields": {
    "permission": 125,
    "content_type": 34,
    "object_pk": "100121",
    "group": 1
  }
},
{
  "model": "guardian.groupobjectpermission",
  "pk": 1713,
  "fields": {
    "permission": 125,
    "content_type": 34,
    "object_pk": "100119",
    "group": 1
  }
},
{
  "model": "guardian.groupobjectpermission",
  "pk": 1714,
  "fields": {
    "permission": 125,
    "content_type": 34,
    "object_pk": "100113",
    "group": 1
  }
},
{
  "model": "guardian.groupobjectpermission",
  "pk": 1715,
  "fields": {
    "permission": 125,
    "content_type": 34,
    "object_pk": "10013",
    "group": 1
  }
},
{
  "model": "guardian.groupobjectpermission",
  "pk": 1716,
  "fields": {
    "permission": 125,
    "content_type": 34,
    "object_pk": "100110",
    "group": 1
  }
},
{
  "model": "guardian.groupobjectpermission",
  "pk": 1717,
  "fields": {
    "permission": 125,
    "content_type": 34,
    "object_pk": "100122",
    "group": 1
  }
},
{
  "model": "guardian.groupobjectpermission",
  "pk": 1718,
  "fields": {
    "permission": 125,
    "content_type": 34,
    "object_pk": "10012",
    "group": 1
  }
},
{
  "model": "guardian.groupobjectpermission",
  "pk": 1719,
  "fields": {
    "permission": 125,
    "content_type": 34,
    "object_pk": "10015",
    "group": 1
  }
},
{
  "model": "guardian.groupobjectpermission",
  "pk": 1720,
  "fields": {
    "permission": 125,
    "content_type": 34,
    "object_pk": "100115",
    "group": 1
  }
},
{
  "model": "guardian.groupobjectpermission",
  "pk": 1721,
  "fields": {
    "permission": 125,
    "content_type": 34,
    "object_pk": "100111",
    "group": 1
  }
},
{
  "model": "guardian.groupobjectpermission",
  "pk": 1722,
  "fields": {
    "permission": 125,
    "content_type": 34,
    "object_pk": "10018",
    "group": 1
  }
},
{
  "model": "guardian.groupobjectpermission",
  "pk": 1723,
  "fields": {
    "permission": 125,
    "content_type": 34,
    "object_pk": "100112",
    "group": 1
  }
},
{
  "model": "guardian.groupobjectpermission",
  "pk": 1724,
  "fields": {
    "permission": 125,
    "content_type": 34,
    "object_pk": "10016",
    "group": 1
  }
},
{
  "model": "guardian.groupobjectpermission",
  "pk": 1725,
  "fields": {
    "permission": 125,
    "content_type": 34,
    "object_pk": "100114",
    "group": 1
  }
},
{
  "model": "guardian.groupobjectpermission",
  "pk": 1726,
  "fields": {
    "permission": 125,
    "content_type": 34,
    "object_pk": "10019",
    "group": 1
  }
},
{
  "model": "guardian.groupobjectpermission",
  "pk": 1727,
  "fields": {
    "permission": 125,
    "content_type": 34,
    "object_pk": "10014",
    "group": 1
  }
},
{
  "model": "guardian.groupobjectpermission",
  "pk": 1728,
  "fields": {
    "permission": 125,
    "content_type": 34,
    "object_pk": "100120",
    "group": 1
  }
},
{
  "model": "guardian.groupobjectpermission",
  "pk": 1729,
  "fields": {
    "permission": 125,
    "content_type": 34,
    "object_pk": "10017",
    "group": 1
  }
},
{
  "model": "guardian.groupobjectpermission",
  "pk": 1730,
  "fields": {
    "permission": 125,
    "content_type": 34,
    "object_pk": "10011",
    "group": 1
  }
},
{
  "model": "guardian.groupobjectpermission",
  "pk": 1731,
  "fields": {
    "permission": 115,
    "content_type": 31,
    "object_pk": "10011",
    "group": 1
  }
},
{
  "model": "guardian.groupobjectpermission",
  "pk": 1732,
  "fields": {
    "permission": 115,
    "content_type": 31,
    "object_pk": "10016",
    "group": 1
  }
},
{
  "model": "guardian.groupobjectpermission",
  "pk": 1733,
  "fields": {
    "permission": 115,
    "content_type": 31,
    "object_pk": "10015",
    "group": 1
  }
},
{
  "model": "guardian.groupobjectpermission",
  "pk": 1734,
  "fields": {
    "permission": 115,
    "content_type": 31,
    "object_pk": "10012",
    "group": 1
  }
},
{
  "model": "guardian.groupobjectpermission",
  "pk": 1735,
  "fields": {
    "permission": 115,
    "content_type": 31,
    "object_pk": "10013",
    "group": 1
  }
},
{
  "model": "guardian.groupobjectpermission",
  "pk": 1736,
  "fields": {
    "permission": 584,
    "content_type": 184,
    "object_pk": "10016",
    "group": 1
  }
},
{
  "model": "guardian.groupobjectpermission",
  "pk": 1737,
  "fields": {
    "permission": 584,
    "content_type": 184,
    "object_pk": "10017",
    "group": 1
  }
},
{
  "model": "guardian.groupobjectpermission",
  "pk": 1738,
  "fields": {
    "permission": 584,
    "content_type": 184,
    "object_pk": "100116",
    "group": 1
  }
},
{
  "model": "guardian.groupobjectpermission",
  "pk": 1739,
  "fields": {
    "permission": 584,
    "content_type": 184,
    "object_pk": "100118",
    "group": 1
  }
},
{
  "model": "guardian.groupobjectpermission",
  "pk": 1740,
  "fields": {
    "permission": 584,
    "content_type": 184,
    "object_pk": "100119",
    "group": 1
  }
},
{
  "model": "guardian.groupobjectpermission",
  "pk": 1741,
  "fields": {
    "permission": 113,
    "content_type": 31,
    "object_pk": "10011",
    "group": 1
  }
},
{
  "model": "guardian.groupobjectpermission",
  "pk": 1742,
  "fields": {
    "permission": 113,
    "content_type": 31,
    "object_pk": "10016",
    "group": 1
  }
},
{
  "model": "guardian.groupobjectpermission",
  "pk": 1743,
  "fields": {
    "permission": 113,
    "content_type": 31,
    "object_pk": "10015",
    "group": 1
  }
},
{
  "model": "guardian.groupobjectpermission",
  "pk": 1744,
  "fields": {
    "permission": 113,
    "content_type": 31,
    "object_pk": "10012",
    "group": 1
  }
},
{
  "model": "guardian.groupobjectpermission",
  "pk": 1745,
  "fields": {
    "permission": 113,
    "content_type": 31,
    "object_pk": "10013",
    "group": 1
  }
},
{
  "model": "guardian.groupobjectpermission",
  "pk": 1746,
  "fields": {
    "permission": 127,
    "content_type": 34,
    "object_pk": "100117",
    "group": 1
  }
},
{
  "model": "guardian.groupobjectpermission",
  "pk": 1747,
  "fields": {
    "permission": 127,
    "content_type": 34,
    "object_pk": "100118",
    "group": 1
  }
},
{
  "model": "guardian.groupobjectpermission",
  "pk": 1748,
  "fields": {
    "permission": 127,
    "content_type": 34,
    "object_pk": "100121",
    "group": 1
  }
},
{
  "model": "guardian.groupobjectpermission",
  "pk": 1749,
  "fields": {
    "permission": 127,
    "content_type": 34,
    "object_pk": "100119",
    "group": 1
  }
},
{
  "model": "guardian.groupobjectpermission",
  "pk": 1750,
  "fields": {
    "permission": 127,
    "content_type": 34,
    "object_pk": "100113",
    "group": 1
  }
},
{
  "model": "guardian.groupobjectpermission",
  "pk": 1751,
  "fields": {
    "permission": 127,
    "content_type": 34,
    "object_pk": "10013",
    "group": 1
  }
},
{
  "model": "guardian.groupobjectpermission",
  "pk": 1752,
  "fields": {
    "permission": 127,
    "content_type": 34,
    "object_pk": "100110",
    "group": 1
  }
},
{
  "model": "guardian.groupobjectpermission",
  "pk": 1753,
  "fields": {
    "permission": 127,
    "content_type": 34,
    "object_pk": "100122",
    "group": 1
  }
},
{
  "model": "guardian.groupobjectpermission",
  "pk": 1754,
  "fields": {
    "permission": 127,
    "content_type": 34,
    "object_pk": "10012",
    "group": 1
  }
},
{
  "model": "guardian.groupobjectpermission",
  "pk": 1755,
  "fields": {
    "permission": 127,
    "content_type": 34,
    "object_pk": "10015",
    "group": 1
  }
},
{
  "model": "guardian.groupobjectpermission",
  "pk": 1756,
  "fields": {
    "permission": 127,
    "content_type": 34,
    "object_pk": "100115",
    "group": 1
  }
},
{
  "model": "guardian.groupobjectpermission",
  "pk": 1757,
  "fields": {
    "permission": 127,
    "content_type": 34,
    "object_pk": "100111",
    "group": 1
  }
},
{
  "model": "guardian.groupobjectpermission",
  "pk": 1758,
  "fields": {
    "permission": 127,
    "content_type": 34,
    "object_pk": "10018",
    "group": 1
  }
},
{
  "model": "guardian.groupobjectpermission",
  "pk": 1759,
  "fields": {
    "permission": 127,
    "content_type": 34,
    "object_pk": "100112",
    "group": 1
  }
},
{
  "model": "guardian.groupobjectpermission",
  "pk": 1760,
  "fields": {
    "permission": 127,
    "content_type": 34,
    "object_pk": "10016",
    "group": 1
  }
},
{
  "model": "guardian.groupobjectpermission",
  "pk": 1761,
  "fields": {
    "permission": 127,
    "content_type": 34,
    "object_pk": "100114",
    "group": 1
  }
},
{
  "model": "guardian.groupobjectpermission",
  "pk": 1762,
  "fields": {
    "permission": 127,
    "content_type": 34,
    "object_pk": "10019",
    "group": 1
  }
},
{
  "model": "guardian.groupobjectpermission",
  "pk": 1763,
  "fields": {
    "permission": 127,
    "content_type": 34,
    "object_pk": "10014",
    "group": 1
  }
},
{
  "model": "guardian.groupobjectpermission",
  "pk": 1764,
  "fields": {
    "permission": 127,
    "content_type": 34,
    "object_pk": "100120",
    "group": 1
  }
},
{
  "model": "guardian.groupobjectpermission",
  "pk": 1765,
  "fields": {
    "permission": 127,
    "content_type": 34,
    "object_pk": "10017",
    "group": 1
  }
},
{
  "model": "guardian.groupobjectpermission",
  "pk": 1766,
  "fields": {
    "permission": 127,
    "content_type": 34,
    "object_pk": "10011",
    "group": 1
  }
},
{
  "model": "guardian.groupobjectpermission",
  "pk": 1850,
  "fields": {
    "permission": 113,
    "content_type": 31,
    "object_pk": "10021",
    "group": 2
  }
},
{
  "model": "guardian.groupobjectpermission",
  "pk": 1851,
  "fields": {
    "permission": 113,
    "content_type": 31,
    "object_pk": "10024",
    "group": 2
  }
},
{
  "model": "guardian.groupobjectpermission",
  "pk": 1852,
  "fields": {
    "permission": 113,
    "content_type": 31,
    "object_pk": "10025",
    "group": 2
  }
},
{
  "model": "guardian.groupobjectpermission",
  "pk": 1853,
  "fields": {
    "permission": 113,
    "content_type": 31,
    "object_pk": "10022",
    "group": 2
  }
},
{
  "model": "guardian.groupobjectpermission",
  "pk": 1854,
  "fields": {
    "permission": 113,
    "content_type": 31,
    "object_pk": "10023",
    "group": 2
  }
},
{
  "model": "guardian.groupobjectpermission",
  "pk": 1855,
  "fields": {
    "permission": 584,
    "content_type": 184,
    "object_pk": "10016",
    "group": 2
  }
},
{
  "model": "guardian.groupobjectpermission",
  "pk": 1856,
  "fields": {
    "permission": 584,
    "content_type": 184,
    "object_pk": "10017",
    "group": 2
  }
},
{
  "model": "guardian.groupobjectpermission",
  "pk": 1857,
  "fields": {
    "permission": 584,
    "content_type": 184,
    "object_pk": "100116",
    "group": 2
  }
},
{
  "model": "guardian.groupobjectpermission",
  "pk": 1858,
  "fields": {
    "permission": 584,
    "content_type": 184,
    "object_pk": "100118",
    "group": 2
  }
},
{
  "model": "guardian.groupobjectpermission",
  "pk": 1859,
  "fields": {
    "permission": 584,
    "content_type": 184,
    "object_pk": "100119",
    "group": 2
  }
},
{
  "model": "guardian.groupobjectpermission",
  "pk": 1860,
  "fields": {
    "permission": 115,
    "content_type": 31,
    "object_pk": "10021",
    "group": 2
  }
},
{
  "model": "guardian.groupobjectpermission",
  "pk": 1861,
  "fields": {
    "permission": 115,
    "content_type": 31,
    "object_pk": "10024",
    "group": 2
  }
},
{
  "model": "guardian.groupobjectpermission",
  "pk": 1862,
  "fields": {
    "permission": 115,
    "content_type": 31,
    "object_pk": "10025",
    "group": 2
  }
},
{
  "model": "guardian.groupobjectpermission",
  "pk": 1863,
  "fields": {
    "permission": 115,
    "content_type": 31,
    "object_pk": "10022",
    "group": 2
  }
},
{
  "model": "guardian.groupobjectpermission",
  "pk": 1864,
  "fields": {
    "permission": 115,
    "content_type": 31,
    "object_pk": "10023",
    "group": 2
  }
},
{
  "model": "guardian.groupobjectpermission",
  "pk": 1865,
  "fields": {
    "permission": 112,
    "content_type": 31,
    "object_pk": "10021",
    "group": 2
  }
},
{
  "model": "guardian.groupobjectpermission",
  "pk": 1866,
  "fields": {
    "permission": 112,
    "content_type": 31,
    "object_pk": "10024",
    "group": 2
  }
},
{
  "model": "guardian.groupobjectpermission",
  "pk": 1867,
  "fields": {
    "permission": 112,
    "content_type": 31,
    "object_pk": "10025",
    "group": 2
  }
},
{
  "model": "guardian.groupobjectpermission",
  "pk": 1868,
  "fields": {
    "permission": 112,
    "content_type": 31,
    "object_pk": "10022",
    "group": 2
  }
},
{
  "model": "guardian.groupobjectpermission",
  "pk": 1869,
  "fields": {
    "permission": 112,
    "content_type": 31,
    "object_pk": "10023",
    "group": 2
  }
},
{
  "model": "account.account",
  "pk": 1,
  "fields": {
    "username": 3,
    "cust_id": "1002,1001",
    "nickname": "cmdb",
    "avatar": "default.jpg"
  }
},
{
  "model": "account.account",
  "pk": 2,
  "fields": {
    "username": 4,
    "cust_id": "1004,1002,1001",
    "nickname": "cmdbuser",
    "avatar": "default.jpg"
  }
}
]
